{
  "timestamp": "2026-03-19T23:26:13.169881",
  "strategies": {
    "A": {
      "name": "Mean Reversion",
      "metrics": {
        "total_profit": -600.8900000000003,
        "total_return_pct": -6.008900000000003,
        "num_trades": 96,
        "win_rate": 56.25,
        "avg_win": 96.36796296296295,
        "avg_loss": -138.20857142857145,
        "sharpe_ratio": -0.6613744823596613,
        "max_drawdown_pct": 17.18060120668278,
        "profit_factor": 0.6972647352249608
      }
    },
    "B": {
      "name": "Volume Breakout",
      "metrics": {
        "total_profit": -5305.7,
        "total_return_pct": -53.057,
        "num_trades": 96,
        "win_rate": 32.29166666666667,
        "avg_win": 124.11032258064517,
        "avg_loss": -140.81723076923075,
        "sharpe_ratio": -5.384252192017946,
        "max_drawdown_pct": 52.91740009127063,
        "profit_factor": 0.881357500802124
      }
    },
    "V": {
      "name": "Trend Breakout",
      "metrics": {
        "total_profit": 2054.3700000000003,
        "total_return_pct": 20.543700000000005,
        "num_trades": 95,
        "win_rate": 54.736842105263165,
        "avg_win": 156.99076923076922,
        "avg_loss": -142.07325581395347,
        "sharpe_ratio": 1.494770516332954,
        "max_drawdown_pct": 17.596369643073864,
        "profit_factor": 1.1049987440025335
      }
    },
    "M": {
      "name": "Momentum",
      "metrics": {
        "total_profit": 5758.389999999999,
        "total_return_pct": 57.5839,
        "num_trades": 82,
        "win_rate": 43.90243902439025,
        "avg_win": 454.9136111111111,
        "avg_loss": -230.83695652173918,
        "sharpe_ratio": 2.466205390587605,
        "max_drawdown_pct": 20.504884823837585,
        "profit_factor": 1.970713953111184
      }
    }
  },
  "signals": {
    "A": [
      {
        "ticker": "CNQ",
        "action": "Long",
        "allocation_usd": 10000,
        "sl_factor": 0.6,
        "z_score": 0.1,
        "prev_return_pct": null,
        "vol_ratio": 0.99,
        "ticker_group": "BIG + ETF"
      },
      {
        "ticker": "PWR",
        "action": "Long",
        "allocation_usd": 10000,
        "sl_factor": 1.6,
        "z_score": 0.04,
        "prev_return_pct": null,
        "vol_ratio": 0.59,
        "ticker_group": "BIG + ETF"
      },
      {
        "ticker": "MPC",
        "action": "Long",
        "allocation_usd": 10000,
        "sl_factor": 0.8,
        "z_score": 0.03,
        "prev_return_pct": null,
        "vol_ratio": 1.06,
        "ticker_group": "BIG + ETF"
      }
    ],
    "B": [
      {
        "ticker": "MGCLY",
        "action": "Short",
        "allocation_usd": 10000,
        "sl_factor": 3.2,
        "z_score": 0.25,
        "prev_return_pct": null,
        "vol_ratio": 3.76,
        "ticker_group": "BIG + ETF"
      },
      {
        "ticker": "UL",
        "action": "Short",
        "allocation_usd": 10000,
        "sl_factor": 0.4,
        "z_score": 0.13,
        "prev_return_pct": null,
        "vol_ratio": 1.71,
        "ticker_group": "BIG + ETF"
      },
      {
        "ticker": "BAESY",
        "action": "Short",
        "allocation_usd": 10000,
        "sl_factor": 3.2,
        "z_score": 0.1,
        "prev_return_pct": null,
        "vol_ratio": 1.8,
        "ticker_group": "BIG + ETF"
      }
    ],
    "V": [
      {
        "ticker": "ZTO",
        "action": "Long",
        "allocation_usd": 10000,
        "sl_factor": 3.2,
        "z_score": 0.01,
        "prev_return_pct": null,
        "vol_ratio": 2.19,
        "ticker_group": "SMALL"
      },
      {
        "ticker": "EC",
        "action": "Long",
        "allocation_usd": 10000,
        "sl_factor": 3.2,
        "z_score": 0.01,
        "prev_return_pct": null,
        "vol_ratio": 0.71,
        "ticker_group": "SMALL"
      },
      {
        "ticker": "MTZ",
        "action": "Long",
        "allocation_usd": 10000,
        "sl_factor": 3.2,
        "z_score": 0.01,
        "prev_return_pct": null,
        "vol_ratio": 0.52,
        "ticker_group": "SMALL"
      }
    ],
    "M": [
      {
        "ticker": "COHR",
        "action": "Long",
        "allocation_usd": 10000,
        "sl_factor": 0.6,
        "z_score": null,
        "prev_return_pct": 12.02,
        "vol_ratio": 1.29,
        "ticker_group": "SMALL"
      },
      {
        "ticker": "FN",
        "action": "Long",
        "allocation_usd": 10000,
        "sl_factor": 1.6,
        "z_score": null,
        "prev_return_pct": 10.83,
        "vol_ratio": 0.91,
        "ticker_group": "SMALL"
      },
      {
        "ticker": "CIEN",
        "action": "Long",
        "allocation_usd": 10000,
        "sl_factor": 1.6,
        "z_score": null,
        "prev_return_pct": 10.58,
        "vol_ratio": 1.35,
        "ticker_group": "SMALL"
      }
    ]
  },
  "equity": {
    "A": [
      {
        "date": "2026-02-04",
        "equity": 10223.69
      },
      {
        "date": "2026-02-05",
        "equity": 10148.22
      },
      {
        "date": "2026-02-06",
        "equity": 10481.13
      },
      {
        "date": "2026-02-09",
        "equity": 10206.79
      },
      {
        "date": "2026-02-10",
        "equity": 9947.81
      },
      {
        "date": "2026-02-11",
        "equity": 10129.36
      },
      {
        "date": "2026-02-12",
        "equity": 9833.96
      },
      {
        "date": "2026-02-13",
        "equity": 9862.44
      },
      {
        "date": "2026-02-17",
        "equity": 10023.26
      },
      {
        "date": "2026-02-18",
        "equity": 8885.83
      },
      {
        "date": "2026-02-19",
        "equity": 8905.34
      },
      {
        "date": "2026-02-20",
        "equity": 9101.39
      },
      {
        "date": "2026-02-23",
        "equity": 8935.57
      },
      {
        "date": "2026-02-24",
        "equity": 8940.88
      },
      {
        "date": "2026-02-25",
        "equity": 9103.51
      },
      {
        "date": "2026-02-26",
        "equity": 8896.61
      },
      {
        "date": "2026-02-27",
        "equity": 8690.43
      },
      {
        "date": "2026-03-02",
        "equity": 9064.54
      },
      {
        "date": "2026-03-03",
        "equity": 9468.01
      },
      {
        "date": "2026-03-04",
        "equity": 9731.01
      },
      {
        "date": "2026-03-05",
        "equity": 9631.89
      },
      {
        "date": "2026-03-06",
        "equity": 10116.57
      },
      {
        "date": "2026-03-09",
        "equity": 10532.5
      },
      {
        "date": "2026-03-10",
        "equity": 10138.75
      },
      {
        "date": "2026-03-11",
        "equity": 10149.56
      },
      {
        "date": "2026-03-12",
        "equity": 10044.67
      },
      {
        "date": "2026-03-13",
        "equity": 9790.81
      },
      {
        "date": "2026-03-16",
        "equity": 9887.58
      },
      {
        "date": "2026-03-17",
        "equity": 9687.28
      },
      {
        "date": "2026-03-18",
        "equity": 9263.39
      },
      {
        "date": "2026-03-19",
        "equity": 9399.11
      }
    ],
    "B": [
      {
        "date": "2026-02-04",
        "equity": 9854.95
      },
      {
        "date": "2026-02-05",
        "equity": 9611.16
      },
      {
        "date": "2026-02-06",
        "equity": 9423.96
      },
      {
        "date": "2026-02-09",
        "equity": 9525.54
      },
      {
        "date": "2026-02-10",
        "equity": 9354.22
      },
      {
        "date": "2026-02-11",
        "equity": 9347.5
      },
      {
        "date": "2026-02-12",
        "equity": 9096.96
      },
      {
        "date": "2026-02-13",
        "equity": 8855.1
      },
      {
        "date": "2026-02-17",
        "equity": 8128.57
      },
      {
        "date": "2026-02-18",
        "equity": 8200.89
      },
      {
        "date": "2026-02-19",