{
  "timestamp": "2026-04-01T23:33:41.631717",
  "strategies": {
    "A": {
      "name": "Mean Reversion",
      "metrics": {
        "total_profit": -1045.2200000000005,
        "total_return_pct": -10.452200000000005,
        "num_trades": 120,
        "win_rate": 52.5,
        "avg_win": 112.79746031746033,
        "avg_loss": -143.0080701754386,
        "sharpe_ratio": -0.7983482470046293,
        "max_drawdown_pct": 17.523062752414923,
        "profit_factor": 0.788748915911412
      }
    },
    "B": {
      "name": "Volume Breakout",
      "metrics": {
        "total_profit": -4887.160000000001,
        "total_return_pct": -48.87160000000001,
        "num_trades": 123,
        "win_rate": 36.58536585365854,
        "avg_win": 128.6886666666667,
        "avg_loss": -136.89935897435893,
        "sharpe_ratio": -3.772133203077784,
        "max_drawdown_pct": 52.93745956761799,
        "profit_factor": 0.9400238805411055
      }
    },
    "V": {
      "name": "Trend Breakout",
      "metrics": {
        "total_profit": 538.24,
        "total_return_pct": 5.3824000000000005,
        "num_trades": 122,
        "win_rate": 51.63934426229508,
        "avg_win": 147.30603174603175,
        "avg_loss": -148.17016949152543,
        "sharpe_ratio": 0.3188525796437916,
        "max_drawdown_pct": 27.739550141287967,
        "profit_factor": 0.9941679371194678
      }
    },
    "M": {
      "name": "Momentum",
      "metrics": {
        "total_profit": 3607.529999999999,
        "total_return_pct": 36.075299999999984,
        "num_trades": 108,
        "win_rate": 42.592592592592595,
        "avg_win": 430.4086956521739,
        "avg_loss": -261.14951612903224,
        "sharpe_ratio": 1.1710594121665356,
        "max_drawdown_pct": 32.57601133964792,
        "profit_factor": 1.6481313158532211
      }
    }
  },
  "signals": {
    "A": [
      {
        "ticker": "TAK",
        "action": "Long",
        "allocation_usd": 10000,
        "sl_factor": 1.6,
        "z_score": 0.17,
        "prev_return_pct": null,
        "vol_ratio": 1.79,
        "ticker_group": "BIG + ETF"
      },
      {
        "ticker": "ALNY",
        "action": "Long",
        "allocation_usd": 10000,
        "sl_factor": 3.2,
        "z_score": 0.06,
        "prev_return_pct": null,
        "vol_ratio": 1.14,
        "ticker_group": "BIG + ETF"
      },
      {
        "ticker": "CTVA",
        "action": "Long",
        "allocation_usd": 10000,
        "sl_factor": 3.2,
        "z_score": 0.06,
        "prev_return_pct": null,
        "vol_ratio": 1.24,
        "ticker_group": "BIG + ETF"
      }
    ],
    "B": [
      {
        "ticker": "UL",
        "action": "Short",
        "allocation_usd": 10000,
        "sl_factor": 0.4,
        "z_score": 0.13,
        "prev_return_pct": null,
        "vol_ratio": 3.75,
        "ticker_group": "BIG + ETF"
      },
      {
        "ticker": "RSG",
        "action": "Short",
        "allocation_usd": 10000,
        "sl_factor": 1.6,
        "z_score": 0.1,
        "prev_return_pct": null,
        "vol_ratio": 1.5,
        "ticker_group": "BIG + ETF"
      },
      {
        "ticker": "TDG",
        "action": "Long",
        "allocation_usd": 10000,
        "sl_factor": 0.4,
        "z_score": 0.07,
        "prev_return_pct": null,
        "vol_ratio": 1.58,
        "ticker_group": "BIG + ETF"
      }
    ],
    "V": [
      {
        "ticker": "EDPFY",
        "action": "Long",
        "allocation_usd": 10000,
        "sl_factor": 1.6,
        "z_score": 0.18,
        "prev_return_pct": null,
        "vol_ratio": 0.67,
        "ticker_group": "SMALL"
      },
      {
        "ticker": "CRRFY",
        "action": "Long",
        "allocation_usd": 10000,
        "sl_factor": 1.6,
        "z_score": 0.15,
        "prev_return_pct": null,
        "vol_ratio": 0.77,
        "ticker_group": "SMALL"
      },
      {
        "ticker": "CIB",
        "action": "Long",
        "allocation_usd": 10000,
        "sl_factor": 3.2,
        "z_score": 0.14,
        "prev_return_pct": null,
        "vol_ratio": 0.56,
        "ticker_group": "SMALL"
      }
    ],
    "M": [
      {
        "ticker": "SNX",
        "action": "Long",
        "allocation_usd": 10000,
        "sl_factor": 3.2,
        "z_score": null,
        "prev_return_pct": 8.82,
        "vol_ratio": 3.12,
        "ticker_group": "SMALL"
      },
      {
        "ticker": "SNAP",
        "action": "Long",
        "allocation_usd": 10000,
        "sl_factor": 3.2,
        "z_score": null,
        "prev_return_pct": 6.06,
        "vol_ratio": 2.48,
        "ticker_group": "SMALL"
      },
      {
        "ticker": "MBLY",
        "action": "Long",
        "allocation_usd": 10000,
        "sl_factor": 3.2,
        "z_score": null,
        "prev_return_pct": 5.27,
        "vol_ratio": 1.02,
        "ticker_group": "SMALL"
      }
    ]
  },
  "equity": {
    "A": [
      {
        "date": "2026-02-04",
        "equity": 10223.69
      },
      {
        "date": "2026-02-05",
        "equity": 10148.22
      },
      {
        "date": "2026-02-06",
        "equity": 10481.13
      },
      {
        "date": "2026-02-09",
        "equity": 10206.79
      },
      {
        "date": "2026-02-10",
        "equity": 9947.81
      },
      {
        "date": "2026-02-11",
        "equity": 10129.36
      },
      {
        "date": "2026-02-12",
        "equity": 9833.96
      },
      {
        "date": "2026-02-13",
        "equity": 9862.44
      },
      {
        "date": "2026-02-17",
        "equity": 10023.26
      },
      {
        "date": "2026-02-18",
        "equity": 8885.83
      },
      {
        "date": "2026-02-19",
        "equity": 8905.34
      },
      {
        "date": "2026-02-20",
        "equity": 9101.39
      },
      {
        "date": "2026-02-23",
        "equity": 8935.57
      },
      {
        "date": "2026-02-24",
        "equity": 8940.88
      },
      {
        "date": "2026-02-25",
        "equity": 9103.51
      },
      {
        "date": "2026-02-26",
        "equity": 8896.61
      },
      {
        "date": "2026-02-27",
        "equity": 8690.43
      },
      {
        "date": "2026-03-02",
        "equity": 9064.54
      },
      {
        "date": "2026-03-03",
        "equity": 9468.01
      },
      {
        "date": "2026-03-04",
        "equity": 9731.01
      },
      {
        "date": "2026-03-05",
        "equity": 9631.89
      },
      {
        "date": "2026-03-06",
        "equity": 10116.57
      },
      {
        "date": "2026-03-09",
        "equity": 10532.5
      },
      {
        "date": "2026-03-10",
        "equity": 10138.75
      },
      {
        "date": "2026-03-11",
        "equity": 10149.56
      },
      {
        "date": "2026-03-12",
        "equity": 10044.67
      },
      {
        "date": "2026-03-13",
        "equity": 9790.81
      },
      {
        "date": "2026-03-16",
        "equity": 9887.58
      },
      {
        "date": "2026-03-17",
        "equity": 9687.28
      },
      {
        "date": "2026-03-18",
        "equity": 9263.39
      },
      {
        "date": "2026-03-19",
        "equity": 9399.11
      },
      {
        "date": "2026-03-20",
        "equity": 8730.39
      },
      {
        "date": "2026-03-23",
        "equity": 9405.85
      },
      {
        "date": "2026-03-24",
        "equity": 10139.64
      },
      {
        "date": "2026-03-25",
        "equity": 9955.01
      },
      {
        "date": "2026-03-26",
        "equity": 9569.44
      },
      {
        "date": "2026-03-27",
        "equity": 9362.93
      },
      {
        "date": "2026-03-30",
        "equity": 9213.66
      },
      {
        "date": "2026-03-31",
        "equity": 8965.37
      },
      {
        "date": "2026-04-01",
        "equity": 8954.78
      }
    ],
    "B": [
      {
        "date": "2026-02-04",
        "equity": 9854.95
      },
      {
        "date": "2026-02-05",