{
  "timestamp": "2026-03-30T23:31:43.220471",
  "strategies": {
    "A": {
      "name": "Mean Reversion",
      "metrics": {
        "total_profit": -786.34,
        "total_return_pct": -7.863400000000001,
        "num_trades": 115,
        "win_rate": 53.04347826086957,
        "avg_win": 114.33655737704919,
        "avg_loss": -143.7198148148148,
        "sharpe_ratio": -0.6194202010213968,
        "max_drawdown_pct": 17.523062752414923,
        "profit_factor": 0.7955518000379669
      }
    },
    "B": {
      "name": "Volume Breakout",
      "metrics": {
        "total_profit": -4576.55,
        "total_return_pct": -45.7655,
        "num_trades": 117,
        "win_rate": 36.75213675213676,
        "avg_win": 131.2311627906977,
        "avg_loss": -138.10121621621622,
        "sharpe_ratio": -3.654348134999538,
        "max_drawdown_pct": 52.93745956761799,
        "profit_factor": 0.9502534907819892
      }
    },
    "V": {
      "name": "Trend Breakout",
      "metrics": {
        "total_profit": 1367.54,
        "total_return_pct": 13.675399999999998,
        "num_trades": 116,
        "win_rate": 53.44827586206896,
        "avg_win": 149.3174193548387,
        "avg_loss": -146.11370370370372,
        "sharpe_ratio": 0.848593076558943,
        "max_drawdown_pct": 22.05306064514536,
        "profit_factor": 1.0219261819386334
      }
    },
    "M": {
      "name": "Momentum",
      "metrics": {
        "total_profit": 3789.0899999999983,
        "total_return_pct": 37.89089999999998,
        "num_trades": 102,
        "win_rate": 42.15686274509804,
        "avg_win": 429.8881395348837,
        "avg_loss": -249.08644067796607,
        "sharpe_ratio": 1.3206001854453087,
        "max_drawdown_pct": 27.71661154629036,
        "profit_factor": 1.7258592573919707
      }
    }
  },
  "signals": {
    "A": [
      {
        "ticker": "MPC",
        "action": "Long",
        "allocation_usd": 10000,
        "sl_factor": 0.8,
        "z_score": 0.03,
        "prev_return_pct": null,
        "vol_ratio": 0.77,
        "ticker_group": "BIG + ETF"
      },
      {
        "ticker": "PTCAY",
        "action": "Long",
        "allocation_usd": 10000,
        "sl_factor": 0.4,
        "z_score": 0.0,
        "prev_return_pct": null,
        "vol_ratio": 1.0,
        "ticker_group": "BIG + ETF"
      },
      {
        "ticker": "PSX",
        "action": "Long",
        "allocation_usd": 10000,
        "sl_factor": 0.6,
        "z_score": -0.01,
        "prev_return_pct": null,
        "vol_ratio": 0.91,
        "ticker_group": "BIG + ETF"
      }
    ],
    "B": [
      {
        "ticker": "MGCLY",
        "action": "Short",
        "allocation_usd": 10000,
        "sl_factor": 3.2,
        "z_score": 0.3,
        "prev_return_pct": null,
        "vol_ratio": 1.89,
        "ticker_group": "BIG + ETF"
      },
      {
        "ticker": "CP",
        "action": "Short",
        "allocation_usd": 10000,
        "sl_factor": 0.4,
        "z_score": 0.06,
        "prev_return_pct": null,
        "vol_ratio": 1.55,
        "ticker_group": "BIG + ETF"
      },
      {
        "ticker": "RY",
        "action": "Short",
        "allocation_usd": 10000,
        "sl_factor": 0.4,
        "z_score": 0.03,
        "prev_return_pct": null,
        "vol_ratio": 1.59,
        "ticker_group": "BIG + ETF"
      }
    ],
    "V": [
      {
        "ticker": "YPF",
        "action": "Long",
        "allocation_usd": 10000,
        "sl_factor": 0.8,
        "z_score": 0.03,
        "prev_return_pct": null,
        "vol_ratio": 2.09,
        "ticker_group": "SMALL"
      },
      {
        "ticker": "PR",
        "action": "Long",
        "allocation_usd": 10000,
        "sl_factor": 0.6,
        "z_score": 0.01,
        "prev_return_pct": null,
        "vol_ratio": 0.81,
        "ticker_group": "SMALL"
      },
      {
        "ticker": "OMVKY",
        "action": "Long",
        "allocation_usd": 10000,
        "sl_factor": 0.4,
        "z_score": 0.01,
        "prev_return_pct": null,
        "vol_ratio": 0.28,
        "ticker_group": "SMALL"
      }
    ],
    "M": [
      {
        "ticker": "FNMA",
        "action": "Long",
        "allocation_usd": 10000,
        "sl_factor": 3.2,
        "z_score": null,
        "prev_return_pct": 37.57,
        "vol_ratio": 1.56,
        "ticker_group": "SMALL"
      },
      {
        "ticker": "MORN",
        "action": "Long",
        "allocation_usd": 10000,
        "sl_factor": 1.6,
        "z_score": null,
        "prev_return_pct": 5.01,
        "vol_ratio": 1.11,
        "ticker_group": "SMALL"
      },
      {
        "ticker": "U",
        "action": "Long",
        "allocation_usd": 10000,
        "sl_factor": 0.4,
        "z_score": null,
        "prev_return_pct": 4.88,
        "vol_ratio": 3.45,
        "ticker_group": "SMALL"
      }
    ]
  },
  "equity": {
    "A": [
      {
        "date": "2026-02-04",
        "equity": 10223.69
      },
      {
        "date": "2026-02-05",
        "equity": 10148.22
      },
      {
        "date": "2026-02-06",
        "equity": 10481.13
      },
      {
        "date": "2026-02-09",
        "equity": 10206.79
      },
      {
        "date": "2026-02-10",
        "equity": 9947.81
      },
      {
        "date": "2026-02-11",
        "equity": 10129.36
      },
      {
        "date": "2026-02-12",
        "equity": 9833.96
      },
      {
        "date": "2026-02-13",
        "equity": 9862.44
      },
      {
        "date": "2026-02-17",
        "equity": 10023.26
      },
      {
        "date": "2026-02-18",
        "equity": 8885.83
      },
      {
        "date": "2026-02-19",
        "equity": 8905.34
      },
      {
        "date": "2026-02-20",
        "equity": 9101.39
      },
      {
        "date": "2026-02-23",
        "equity": 8935.57
      },
      {
        "date": "2026-02-24",
        "equity": 8940.88
      },
      {
        "date": "2026-02-25",
        "equity": 9103.51
      },
      {
        "date": "2026-02-26",
        "equity": 8896.61
      },
      {
        "date": "2026-02-27",
        "equity": 8690.43
      },
      {
        "date": "2026-03-02",
        "equity": 9064.54
      },
      {
        "date": "2026-03-03",
        "equity": 9468.01
      },
      {
        "date": "2026-03-04",
        "equity": 9731.01
      },
      {
        "date": "2026-03-05",
        "equity": 9631.89
      },
      {
        "date": "2026-03-06",
        "equity": 10116.57
      },
      {
        "date": "2026-03-09",
        "equity": 10532.5
      },
      {
        "date": "2026-03-10",
        "equity": 10138.75
      },
      {
        "date": "2026-03-11",
        "equity": 10149.56
      },
      {
        "date": "2026-03-12",
        "equity": 10044.67
      },
      {
        "date": "2026-03-13",
        "equity": 9790.81
      },
      {
        "date": "2026-03-16",
        "equity": 9887.58
      },
      {
        "date": "2026-03-17",
        "equity": 9687.28
      },
      {
        "date": "2026-03-18",
        "equity": 9263.39
      },
      {
        "date": "2026-03-19",
        "equity": 9399.11
      },
      {
        "date": "2026-03-20",
        "equity": 8730.39
      },
      {
        "date": "2026-03-23",
        "equity": 9405.85
      },
      {
        "date": "2026-03-24",
        "equity": 10139.64
      },
      {
        "date": "2026-03-25",
        "equity": 9955.01
      },
      {
        "date": "2026-03-26",
        "equity": 9569.44
      },
      {
        "date": "2026-03-27",
        "equity": 9362.93
      },
      {
        "date": "2026-03-30",
        "equity": 9213.66
      }
    ],
    "B": [
      {
        "date": "2026-02-04",
        "equity": 9854.95
      },
      {
        "date": "2026-02-05",
        "equity": 9611.16
      },
      {
        "date": "2026-02-06",
        "equity": 9423.96
      },
      {
        "date": "2026-02-09",