{
  "timestamp": "2026-02-19T23:26:27.530127",
  "strategies": {
    "A": {
      "name": "Mean Reversion",
      "metrics": {
        "total_profit": -538.4700000000001,
        "total_return_pct": -5.384700000000001,
        "num_trades": 36,
        "win_rate": 58.333333333333336,
        "avg_win": 71.59666666666666,
        "avg_loss": -136.1333333333333,
        "sharpe_ratio": -1.9816326158746875,
        "max_drawdown_pct": 10.017983023339802,
        "profit_factor": 0.5259304603330069
      }
    },
    "B": {
      "name": "Volume Breakout",
      "metrics": {
        "total_profit": -1643.9000000000003,
        "total_return_pct": -16.439000000000004,
        "num_trades": 36,
        "win_rate": 36.11111111111111,
        "avg_win": 149.02615384615385,
        "avg_loss": -155.70608695652174,
        "sharpe_ratio": -3.848428707566354,
        "max_drawdown_pct": 18.47257117352952,
        "profit_factor": 0.9570990881542534
      }
    },
    "V": {
      "name": "Trend Breakout",
      "metrics": {
        "total_profit": 2365.38,
        "total_return_pct": 23.6538,
        "num_trades": 36,
        "win_rate": 52.77777777777778,
        "avg_win": 209.77789473684211,
        "avg_loss": -95.31764705882354,
        "sharpe_ratio": 3.7685068948519866,
        "max_drawdown_pct": 7.8445358921674275,
        "profit_factor": 2.2008295547558108
      }
    },
    "M": {
      "name": "Momentum",
      "metrics": {
        "total_profit": 8501.510000000002,
        "total_return_pct": 85.01510000000002,
        "num_trades": 29,
        "win_rate": 55.172413793103445,
        "avg_win": 688.06,
        "avg_loss": -192.88076923076926,
        "sharpe_ratio": 8.203832814925528,
        "max_drawdown_pct": 5.8077942399593825,
        "profit_factor": 3.567281501126642
      }
    }
  },
  "signals": {
    "A": [
      {
        "ticker": "TAK",
        "action": "Long",
        "allocation_usd": 10000,
        "sl_factor": 1.6,
        "z_score": 0.17,
        "prev_return_pct": null,
        "vol_ratio": 0.88,
        "ticker_group": "BIG + ETF"
      },
      {
        "ticker": "BAESY",
        "action": "Long",
        "allocation_usd": 10000,
        "sl_factor": 0.6,
        "z_score": 0.15,
        "prev_return_pct": null,
        "vol_ratio": 1.43,
        "ticker_group": "BIG + ETF"
      },
      {
        "ticker": "AMGN",
        "action": "Long",
        "allocation_usd": 10000,
        "sl_factor": 1.6,
        "z_score": 0.11,
        "prev_return_pct": null,
        "vol_ratio": 0.88,
        "ticker_group": "BIG + ETF"
      }
    ],
    "B": [
      {
        "ticker": "DE",
        "action": "Short",
        "allocation_usd": 10000,
        "sl_factor": 1.6,
        "z_score": 0.18,
        "prev_return_pct": null,
        "vol_ratio": 1.54,
        "ticker_group": "BIG + ETF"
      },
      {
        "ticker": "PANW",
        "action": "Long",
        "allocation_usd": 10000,
        "sl_factor": 0.6,
        "z_score": 0.12,
        "prev_return_pct": null,
        "vol_ratio": 1.96,
        "ticker_group": "BIG + ETF"
      },
      {
        "ticker": "RSG",
        "action": "Short",
        "allocation_usd": 10000,
        "sl_factor": 1.6,
        "z_score": 0.09,
        "prev_return_pct": null,
        "vol_ratio": 1.87,
        "ticker_group": "BIG + ETF"
      }
    ],
    "V": [
      {
        "ticker": "NPXYY",
        "action": "Long",
        "allocation_usd": 10000,
        "sl_factor": 1.6,
        "z_score": 0.36,
        "prev_return_pct": null,
        "vol_ratio": 0.5,
        "ticker_group": "SMALL"
      },
      {
        "ticker": "AS",
        "action": "Long",
        "allocation_usd": 10000,
        "sl_factor": 1.6,
        "z_score": 0.22,
        "prev_return_pct": null,
        "vol_ratio": 0.83,
        "ticker_group": "SMALL"
      },
      {
        "ticker": "NCLTY",
        "action": "Long",
        "allocation_usd": 10000,
        "sl_factor": 3.2,
        "z_score": 0.22,
        "prev_return_pct": null,
        "vol_ratio": 2.56,
        "ticker_group": "SMALL"
      }
    ],
    "M": [
      {
        "ticker": "PMDIY",
        "action": "Long",
        "allocation_usd": 10000,
        "sl_factor": 0.4,
        "z_score": null,
        "prev_return_pct": 18.66,
        "vol_ratio": 0.0,
        "ticker_group": "SMALL"
      },
      {
        "ticker": "TPL",
        "action": "Long",
        "allocation_usd": 10000,
        "sl_factor": 0.4,
        "z_score": null,
        "prev_return_pct": 13.15,
        "vol_ratio": 1.93,
        "ticker_group": "SMALL"
      },
      {
        "ticker": "ULS",
        "action": "Long",
        "allocation_usd": 10000,
        "sl_factor": 1.6,
        "z_score": null,
        "prev_return_pct": 10.35,
        "vol_ratio": 1.49,
        "ticker_group": "SMALL"
      }
    ]
  },
  "equity": {
    "A": [
      {
        "date": "2026-02-04",
        "equity": 10223.69
      },
      {
        "date": "2026-02-05",
        "equity": 10148.22
      },
      {
        "date": "2026-02-06",
        "equity": 10481.13
      },
      {
        "date": "2026-02-09",
        "equity": 10206.79
      },
      {
        "date": "2026-02-10",
        "equity": 9947.81
      },
      {
        "date": "2026-02-11",
        "equity": 10129.36
      },
      {
        "date": "2026-02-12",
        "equity": 9833.96
      },
      {
        "date": "2026-02-13",
        "equity": 9862.44
      },
      {
        "date": "2026-02-17",
        "equity": 10023.26
      },
      {
        "date": "2026-02-18",
        "equity": 9442.02
      },
      {
        "date": "2026-02-19",
        "equity": 9461.53
      }
    ],
    "B": [
      {
        "date": "2026-02-04",
        "equity": 9854.95
      },
      {
        "date": "2026-02-05",
        "equity": 9611.16
      },
      {
        "date": "2026-02-06",
        "equity": 9423.96
      },
      {
        "date": "2026-02-09",
        "equity": 9525.54
      },
      {
        "date": "2026-02-10",
        "equity": 9354.22
      },
      {
        "date": "2026-02-11",
        "equity": 9347.5
      },
      {
        "date": "2026-02-12",
        "equity": 9096.96
      },
      {
        "date": "2026-02-13",
        "equity": 8855.1
      },
      {
        "date": "2026-02-17",
        "equity": 8128.57
      },
      {
        "date": "2026-02-18",
        "equity": 8200.89
      },
      {
        "date": "2026-02-19",
        "equity": 8356.1
      }
    ],
    "V": [
      {
        "date": "2026-02-04",
        "equity": 9799.16
      },
      {
        "date": "2026-02-05",
        "equity": 9920.44
      },
      {
        "date": "2026-02-06",
        "equity": 10105.91
      },
      {
        "date": "2026-02-09",
        "equity": 10444.34
      },
      {
        "date": "2026-02-10",
        "equity": 10297.56
      },
      {
        "date": "2026-02-11",
        "equity": 10242.95
      },
      {
        "date": "2026-02-12",
        "equity": 9625.03
      },
      {
        "date": "2026-02-13",
        "equity": 11276.72
      },
      {
        "date": "2026-02-17",
        "equity": 11398.8
      },
      {
        "date": "2026-02-18",
        "equity": 11170.92
      },
      {
        "date": "2026-02-19",
        "equity": 12365.38
      }
    ],
    "M": [
      {
        "date": "2026-02-04",
        "equity": 11024.63
      },
      {
        "date": "2026-02-05",
        "equity": 14892.66
      },
      {
        "date": "2026-02-06",
        "equity": 15431.03
      },
      {
        "date": "2026-02-09",
        "equity": 16065.03
      },
      {
        "date": "2026-02-10",
        "equity": 17024.88
      },
      {
        "date": "2026-02-11",
        "equity": 16164.6
      },
      {
        "date": "2026-02-12",
        "equity": 16204.03
      },
      {
        "date": "2026-02-13",
        "equity": 18525.86
      },
      {
        "date": "2026-02-17",