{
  "timestamp": "2026-03-20T23:25:58.484723",
  "strategies": {
    "A": {
      "name": "Mean Reversion",
      "metrics": {
        "total_profit": -1269.6100000000004,
        "total_return_pct": -12.696100000000005,
        "num_trades": 99,
        "win_rate": 54.54545454545454,
        "avg_win": 96.36796296296295,
        "avg_loss": -143.8551111111111,
        "sharpe_ratio": -1.3250073512714358,
        "max_drawdown_pct": 17.523062752414923,
        "profit_factor": 0.6698959961772235
      }
    },
    "B": {
      "name": "Volume Breakout",
      "metrics": {
        "total_profit": -4998.67,
        "total_return_pct": -49.9867,
        "num_trades": 99,
        "win_rate": 33.33333333333333,
        "avg_win": 125.95303030303033,
        "avg_loss": -138.71393939393937,
        "sharpe_ratio": -4.9046784311642995,
        "max_drawdown_pct": 52.93745956761799,
        "profit_factor": 0.9080055750225015
      }
    },
    "V": {
      "name": "Trend Breakout",
      "metrics": {
        "total_profit": 1565.5099999999998,
        "total_return_pct": 15.655099999999997,
        "num_trades": 98,
        "win_rate": 54.08163265306123,
        "avg_win": 157.3464150943396,
        "avg_loss": -150.53,
        "sharpe_ratio": 1.0920380196767676,
        "max_drawdown_pct": 20.69558527368588,
        "profit_factor": 1.0452827681813566
      }
    },
    "M": {
      "name": "Momentum",
      "metrics": {
        "total_profit": 3948.9399999999996,
        "total_return_pct": 39.489399999999996,
        "num_trades": 85,
        "win_rate": 42.35294117647059,
        "avg_win": 454.9136111111111,
        "avg_loss": -253.63163265306125,
        "sharpe_ratio": 1.5974187479399289,
        "max_drawdown_pct": 26.87866650101721,
        "profit_factor": 1.7935996640189606
      }
    }
  },
  "signals": {
    "A": [
      {
        "ticker": "DELL",
        "action": "Long",
        "allocation_usd": 10000,
        "sl_factor": 3.2,
        "z_score": 0.11,
        "prev_return_pct": null,
        "vol_ratio": 0.82,
        "ticker_group": "BIG + ETF"
      },
      {
        "ticker": "PWR",
        "action": "Long",
        "allocation_usd": 10000,
        "sl_factor": 1.6,
        "z_score": 0.04,
        "prev_return_pct": null,
        "vol_ratio": 0.76,
        "ticker_group": "BIG + ETF"
      },
      {
        "ticker": "MPC",
        "action": "Long",
        "allocation_usd": 10000,
        "sl_factor": 0.8,
        "z_score": 0.03,
        "prev_return_pct": null,
        "vol_ratio": 1.43,
        "ticker_group": "BIG + ETF"
      }
    ],
    "B": [
      {
        "ticker": "MGCLY",
        "action": "Short",
        "allocation_usd": 10000,
        "sl_factor": 3.2,
        "z_score": 0.31,
        "prev_return_pct": null,
        "vol_ratio": 2.59,
        "ticker_group": "BIG + ETF"
      },
      {
        "ticker": "NEM",
        "action": "Long",
        "allocation_usd": 10000,
        "sl_factor": 0.4,
        "z_score": 0.09,
        "prev_return_pct": null,
        "vol_ratio": 2.29,
        "ticker_group": "BIG + ETF"
      },
      {
        "ticker": "TDG",
        "action": "Short",
        "allocation_usd": 10000,
        "sl_factor": 0.4,
        "z_score": 0.07,
        "prev_return_pct": null,
        "vol_ratio": 1.55,
        "ticker_group": "BIG + ETF"
      }
    ],
    "V": [
      {
        "ticker": "PCOR",
        "action": "Long",
        "allocation_usd": 10000,
        "sl_factor": 3.2,
        "z_score": 0.06,
        "prev_return_pct": null,
        "vol_ratio": 0.69,
        "ticker_group": "SMALL"
      },
      {
        "ticker": "FFIV",
        "action": "Long",
        "allocation_usd": 10000,
        "sl_factor": 3.2,
        "z_score": 0.04,
        "prev_return_pct": null,
        "vol_ratio": 1.84,
        "ticker_group": "SMALL"
      },
      {
        "ticker": "YPF",
        "action": "Long",
        "allocation_usd": 10000,
        "sl_factor": 0.8,
        "z_score": 0.03,
        "prev_return_pct": null,
        "vol_ratio": 3.6,
        "ticker_group": "SMALL"
      }
    ],
    "M": [
      {
        "ticker": "FNMA",
        "action": "Long",
        "allocation_usd": 10000,
        "sl_factor": 3.2,
        "z_score": null,
        "prev_return_pct": 9.28,
        "vol_ratio": 3.4,
        "ticker_group": "SMALL"
      },
      {
        "ticker": "NJDCY",
        "action": "Long",
        "allocation_usd": 10000,
        "sl_factor": 0.4,
        "z_score": null,
        "prev_return_pct": 7.38,
        "vol_ratio": 0.42,
        "ticker_group": "SMALL"
      },
      {
        "ticker": "IT",
        "action": "Long",
        "allocation_usd": 10000,
        "sl_factor": 0.8,
        "z_score": null,
        "prev_return_pct": 3.16,
        "vol_ratio": 0.84,
        "ticker_group": "SMALL"
      }
    ]
  },
  "equity": {
    "A": [
      {
        "date": "2026-02-04",
        "equity": 10223.69
      },
      {
        "date": "2026-02-05",
        "equity": 10148.22
      },
      {
        "date": "2026-02-06",
        "equity": 10481.13
      },
      {
        "date": "2026-02-09",
        "equity": 10206.79
      },
      {
        "date": "2026-02-10",
        "equity": 9947.81
      },
      {
        "date": "2026-02-11",
        "equity": 10129.36
      },
      {
        "date": "2026-02-12",
        "equity": 9833.96
      },
      {
        "date": "2026-02-13",
        "equity": 9862.44
      },
      {
        "date": "2026-02-17",
        "equity": 10023.26
      },
      {
        "date": "2026-02-18",
        "equity": 8885.83
      },
      {
        "date": "2026-02-19",
        "equity": 8905.34
      },
      {
        "date": "2026-02-20",
        "equity": 9101.39
      },
      {
        "date": "2026-02-23",
        "equity": 8935.57
      },
      {
        "date": "2026-02-24",
        "equity": 8940.88
      },
      {
        "date": "2026-02-25",
        "equity": 9103.51
      },
      {
        "date": "2026-02-26",
        "equity": 8896.61
      },
      {
        "date": "2026-02-27",
        "equity": 8690.43
      },
      {
        "date": "2026-03-02",
        "equity": 9064.54
      },
      {
        "date": "2026-03-03",
        "equity": 9468.01
      },
      {
        "date": "2026-03-04",
        "equity": 9731.01
      },
      {
        "date": "2026-03-05",
        "equity": 9631.89
      },
      {
        "date": "2026-03-06",
        "equity": 10116.57
      },
      {
        "date": "2026-03-09",
        "equity": 10532.5
      },
      {
        "date": "2026-03-10",
        "equity": 10138.75
      },
      {
        "date": "2026-03-11",
        "equity": 10149.56
      },
      {
        "date": "2026-03-12",
        "equity": 10044.67
      },
      {
        "date": "2026-03-13",
        "equity": 9790.81
      },
      {
        "date": "2026-03-16",
        "equity": 9887.58
      },
      {
        "date": "2026-03-17",
        "equity": 9687.28
      },
      {
        "date": "2026-03-18",
        "equity": 9263.39
      },
      {
        "date": "2026-03-19",
        "equity": 9399.11
      },
      {
        "date": "2026-03-20",
        "equity": 8730.39
      }
    ],
    "B": [
      {
        "date": "2026-02-04",
        "equity": 9854.95
      },
      {
        "date": "2026-02-05",
        "equity": 9611.16
      },
      {
        "date": "2026-02-06",
        "equity": 9423.96
      },
      {
        "date": "2026-02-09",
        "equity": 9525.54
      },
      {
        "date": "2026-02-10",
        "equity": 9354.22
      },
      {
        "date": "2026-02-11",
        "equity": 9347.5
      },
      {
        "date": "2026-02-12",
        "equity": 9096.96
      },
      {
        "date": "2026-02-13",
        "equity": 8855.1
      },
      {
        "date": "2026-02-17",
        "equity": 8128.57
      },
      {
        "date": "2026-02-18",