{
  "timestamp": "2026-02-14T23:20:34.852028",
  "strategies": {
    "A": {
      "name": "Mean Reversion",
      "metrics": {
        "total_profit": -237.80000000000007,
        "total_return_pct": -2.3780000000000006,
        "num_trades": 24,
        "win_rate": 58.333333333333336,
        "avg_win": 76.58214285714287,
        "avg_loss": -130.99499999999998,
        "sharpe_ratio": -1.3569053890483835,
        "max_drawdown_pct": 7.770248055174626,
        "profit_factor": 0.584618824055444
      }
    },
    "B": {
      "name": "Volume Breakout",
      "metrics": {
        "total_profit": -912.15,
        "total_return_pct": -9.121500000000001,
        "num_trades": 24,
        "win_rate": 33.33333333333333,
        "avg_win": 179.925,
        "avg_loss": -146.971875,
        "sharpe_ratio": -3.1498385947582745,
        "max_drawdown_pct": 8.85124393827699,
        "profit_factor": 1.2242138164189578
      }
    },
    "V": {
      "name": "Trend Breakout",
      "metrics": {
        "total_profit": 557.7000000000002,
        "total_return_pct": 5.577000000000002,
        "num_trades": 24,
        "win_rate": 54.166666666666664,
        "avg_win": 137.70615384615385,
        "avg_loss": -112.04363636363637,
        "sharpe_ratio": 2.0334987354478455,
        "max_drawdown_pct": 7.8445358921674275,
        "profit_factor": 1.2290403838664257
      }
    },
    "M": {
      "name": "Momentum",
      "metrics": {
        "total_profit": 6241.93,
        "total_return_pct": 62.4193,
        "num_trades": 21,
        "win_rate": 57.14285714285714,
        "avg_win": 681.7208333333334,
        "avg_loss": -215.41333333333333,
        "sharpe_ratio": 8.162815710472652,
        "max_drawdown_pct": 5.8077942399593825,
        "profit_factor": 3.1647104790789804
      }
    }
  },
  "signals": {
    "A": [
      {
        "ticker": "NGG",
        "action": "Long",
        "allocation_usd": 10000,
        "sl_factor": 3.2,
        "z_score": 0.22,
        "prev_return_pct": null,
        "vol_ratio": 2.65,
        "ticker_group": "BIG + ETF"
      },
      {
        "ticker": "TAK",
        "action": "Long",
        "allocation_usd": 10000,
        "sl_factor": 1.6,
        "z_score": 0.17,
        "prev_return_pct": null,
        "vol_ratio": 0.81,
        "ticker_group": "BIG + ETF"
      },
      {
        "ticker": "SMFG",
        "action": "Long",
        "allocation_usd": 10000,
        "sl_factor": 0.8,
        "z_score": 0.16,
        "prev_return_pct": null,
        "vol_ratio": 1.51,
        "ticker_group": "BIG + ETF"
      }
    ],
    "B": [
      {
        "ticker": "RELX",
        "action": "Long",
        "allocation_usd": 10000,
        "sl_factor": 0.4,
        "z_score": 0.19,
        "prev_return_pct": null,
        "vol_ratio": 1.73,
        "ticker_group": "BIG + ETF"
      },
      {
        "ticker": "DE",
        "action": "Short",
        "allocation_usd": 10000,
        "sl_factor": 1.6,
        "z_score": 0.18,
        "prev_return_pct": null,
        "vol_ratio": 1.77,
        "ticker_group": "BIG + ETF"
      },
      {
        "ticker": "ALNY",
        "action": "Short",
        "allocation_usd": 10000,
        "sl_factor": 3.2,
        "z_score": 0.17,
        "prev_return_pct": null,
        "vol_ratio": 1.74,
        "ticker_group": "BIG + ETF"
      }
    ],
    "V": [
      {
        "ticker": "RSHGY",
        "action": "Long",
        "allocation_usd": 10000,
        "sl_factor": 1.6,
        "z_score": 0.34,
        "prev_return_pct": null,
        "vol_ratio": 0.75,
        "ticker_group": "SMALL"
      },
      {
        "ticker": "NCLTY",
        "action": "Long",
        "allocation_usd": 10000,
        "sl_factor": 3.2,
        "z_score": 0.21,
        "prev_return_pct": null,
        "vol_ratio": 0.35,
        "ticker_group": "SMALL"
      },
      {
        "ticker": "UUGRY",
        "action": "Long",
        "allocation_usd": 10000,
        "sl_factor": 3.2,
        "z_score": 0.2,
        "prev_return_pct": null,
        "vol_ratio": 0.83,
        "ticker_group": "SMALL"
      }
    ],
    "M": [
      {
        "ticker": "NJDCY",
        "action": "Long",
        "allocation_usd": 10000,
        "sl_factor": 0.4,
        "z_score": null,
        "prev_return_pct": 17.14,
        "vol_ratio": 0.15,
        "ticker_group": "SMALL"
      },
      {
        "ticker": "ICLR",
        "action": "Long",
        "allocation_usd": 10000,
        "sl_factor": 3.2,
        "z_score": null,
        "prev_return_pct": 13.91,
        "vol_ratio": 10.47,
        "ticker_group": "SMALL"
      },
      {
        "ticker": "NBIS",
        "action": "Long",
        "allocation_usd": 10000,
        "sl_factor": 1.6,
        "z_score": null,
        "prev_return_pct": 9.3,
        "vol_ratio": 1.82,
        "ticker_group": "SMALL"
      }
    ]
  },
  "equity": {
    "A": [
      {
        "date": "2026-02-04",
        "equity": 10223.69
      },
      {
        "date": "2026-02-05",
        "equity": 10148.22
      },
      {
        "date": "2026-02-06",
        "equity": 10481.13
      },
      {
        "date": "2026-02-09",
        "equity": 10206.79
      },
      {
        "date": "2026-02-10",
        "equity": 9947.81
      },
      {
        "date": "2026-02-11",
        "equity": 10129.36
      },
      {
        "date": "2026-02-12",
        "equity": 9833.96
      },
      {
        "date": "2026-02-13",
        "equity": 9762.2
      }
    ],
    "B": [
      {
        "date": "2026-02-04",
        "equity": 9854.95
      },
      {
        "date": "2026-02-05",
        "equity": 9611.16
      },
      {
        "date": "2026-02-06",
        "equity": 9423.96
      },
      {
        "date": "2026-02-09",
        "equity": 9525.54
      },
      {
        "date": "2026-02-10",
        "equity": 9354.22
      },
      {
        "date": "2026-02-11",
        "equity": 9347.5
      },
      {
        "date": "2026-02-12",
        "equity": 9096.96
      },
      {
        "date": "2026-02-13",
        "equity": 9087.85
      }
    ],
    "V": [
      {
        "date": "2026-02-04",
        "equity": 9799.16
      },
      {
        "date": "2026-02-05",
        "equity": 9920.44
      },
      {
        "date": "2026-02-06",
        "equity": 10105.91
      },
      {
        "date": "2026-02-09",
        "equity": 10444.34
      },
      {
        "date": "2026-02-10",
        "equity": 10297.56
      },
      {
        "date": "2026-02-11",
        "equity": 10242.95
      },
      {
        "date": "2026-02-12",
        "equity": 9625.03
      },
      {
        "date": "2026-02-13",
        "equity": 10557.7
      }
    ],
    "M": [
      {
        "date": "2026-02-04",
        "equity": 11024.63
      },
      {
        "date": "2026-02-05",
        "equity": 14892.66
      },
      {
        "date": "2026-02-06",
        "equity": 15431.03
      },
      {
        "date": "2026-02-09",
        "equity": 16065.03
      },
      {
        "date": "2026-02-10",
        "equity": 17024.88
      },
      {
        "date": "2026-02-11",
        "equity": 16164.6
      },
      {
        "date": "2026-02-12",
        "equity": 16204.03
      },
      {
        "date": "2026-02-13",
        "equity": 16241.93
      }
    ]
  }
}