{
  "timestamp": "2026-03-16T23:28:28.969488",
  "strategies": {
    "A": {
      "name": "Mean Reversion",
      "metrics": {
        "total_profit": -112.42000000000009,
        "total_return_pct": -1.124200000000001,
        "num_trades": 87,
        "win_rate": 57.47126436781609,
        "avg_win": 95.68279999999999,
        "avg_loss": -132.33945945945948,
        "sharpe_ratio": -0.13922831956512918,
        "max_drawdown_pct": 17.18060120668278,
        "profit_factor": 0.7230103582923519
      }
    },
    "B": {
      "name": "Volume Breakout",
      "metrics": {
        "total_profit": -4872.460000000001,
        "total_return_pct": -48.72460000000001,
        "num_trades": 87,
        "win_rate": 33.33333333333333,
        "avg_win": 122.9937931034483,
        "avg_loss": -145.5048275862069,
        "sharpe_ratio": -5.369909534697727,
        "max_drawdown_pct": 50.70865115066171,
        "profit_factor": 0.845290119536264
      }
    },
    "V": {
      "name": "Trend Breakout",
      "metrics": {
        "total_profit": 2803.73,
        "total_return_pct": 28.0373,
        "num_trades": 86,
        "win_rate": 58.139534883720934,
        "avg_win": 160.4844,
        "avg_loss": -145.01361111111112,
        "sharpe_ratio": 2.18796847879037,
        "max_drawdown_pct": 13.560148357514464,
        "profit_factor": 1.1066850812854732
      }
    },
    "M": {
      "name": "Momentum",
      "metrics": {
        "total_profit": 6118.48,
        "total_return_pct": 61.184799999999996,
        "num_trades": 73,
        "win_rate": 42.465753424657535,
        "avg_win": 484.7464516129033,
        "avg_loss": -212.11095238095243,
        "sharpe_ratio": 2.918491154312646,
        "max_drawdown_pct": 17.45426162022977,
        "profit_factor": 2.2853438079062323
      }
    }
  },
  "signals": {
    "A": [
      {
        "ticker": "DELL",
        "action": "Long",
        "allocation_usd": 10000,
        "sl_factor": 3.2,
        "z_score": 0.11,
        "prev_return_pct": null,
        "vol_ratio": 0.68,
        "ticker_group": "BIG + ETF"
      },
      {
        "ticker": "CNQ",
        "action": "Long",
        "allocation_usd": 10000,
        "sl_factor": 0.6,
        "z_score": 0.1,
        "prev_return_pct": null,
        "vol_ratio": 0.98,
        "ticker_group": "BIG + ETF"
      },
      {
        "ticker": "DUK",
        "action": "Long",
        "allocation_usd": 10000,
        "sl_factor": 3.2,
        "z_score": 0.07,
        "prev_return_pct": null,
        "vol_ratio": 0.96,
        "ticker_group": "BIG + ETF"
      }
    ],
    "B": [
      {
        "ticker": "IFNNY",
        "action": "Short",
        "allocation_usd": 10000,
        "sl_factor": 0.4,
        "z_score": 0.07,
        "prev_return_pct": null,
        "vol_ratio": 1.73,
        "ticker_group": "BIG + ETF"
      },
      {
        "ticker": "ATEYY",
        "action": "Short",
        "allocation_usd": 10000,
        "sl_factor": 0.4,
        "z_score": 0.03,
        "prev_return_pct": null,
        "vol_ratio": 1.52,
        "ticker_group": "BIG + ETF"
      },
      {
        "ticker": "GBTC",
        "action": "Short",
        "allocation_usd": 10000,
        "sl_factor": 0.4,
        "z_score": 0.0,
        "prev_return_pct": null,
        "vol_ratio": 1.79,
        "ticker_group": "BIG + ETF"
      }
    ],
    "V": [
      {
        "ticker": "ULS",
        "action": "Long",
        "allocation_usd": 10000,
        "sl_factor": 0.8,
        "z_score": 0.17,
        "prev_return_pct": null,
        "vol_ratio": 1.0,
        "ticker_group": "SMALL"
      },
      {
        "ticker": "FRHC",
        "action": "Long",
        "allocation_usd": 10000,
        "sl_factor": 0.6,
        "z_score": 0.09,
        "prev_return_pct": null,
        "vol_ratio": 0.74,
        "ticker_group": "SMALL"
      },
      {
        "ticker": "COKE",
        "action": "Long",
        "allocation_usd": 10000,
        "sl_factor": 1.6,
        "z_score": 0.08,
        "prev_return_pct": null,
        "vol_ratio": 0.93,
        "ticker_group": "SMALL"
      }
    ],
    "M": [
      {
        "ticker": "CAVA",
        "action": "Long",
        "allocation_usd": 10000,
        "sl_factor": 1.6,
        "z_score": null,
        "prev_return_pct": 5.91,
        "vol_ratio": 0.56,
        "ticker_group": "SMALL"
      },
      {
        "ticker": "CIEN",
        "action": "Long",
        "allocation_usd": 10000,
        "sl_factor": 1.6,
        "z_score": null,
        "prev_return_pct": 5.47,
        "vol_ratio": 0.83,
        "ticker_group": "SMALL"
      },
      {
        "ticker": "BROS",
        "action": "Long",
        "allocation_usd": 10000,
        "sl_factor": 1.6,
        "z_score": null,
        "prev_return_pct": 5.04,
        "vol_ratio": 0.76,
        "ticker_group": "SMALL"
      }
    ]
  },
  "equity": {
    "A": [
      {
        "date": "2026-02-04",
        "equity": 10223.69
      },
      {
        "date": "2026-02-05",
        "equity": 10148.22
      },
      {
        "date": "2026-02-06",
        "equity": 10481.13
      },
      {
        "date": "2026-02-09",
        "equity": 10206.79
      },
      {
        "date": "2026-02-10",
        "equity": 9947.81
      },
      {
        "date": "2026-02-11",
        "equity": 10129.36
      },
      {
        "date": "2026-02-12",
        "equity": 9833.96
      },
      {
        "date": "2026-02-13",
        "equity": 9862.44
      },
      {
        "date": "2026-02-17",
        "equity": 10023.26
      },
      {
        "date": "2026-02-18",
        "equity": 8885.83
      },
      {
        "date": "2026-02-19",
        "equity": 8905.34
      },
      {
        "date": "2026-02-20",
        "equity": 9101.39
      },
      {
        "date": "2026-02-23",
        "equity": 8935.57
      },
      {
        "date": "2026-02-24",
        "equity": 8940.88
      },
      {
        "date": "2026-02-25",
        "equity": 9103.51
      },
      {
        "date": "2026-02-26",
        "equity": 8896.61
      },
      {
        "date": "2026-02-27",
        "equity": 8690.43
      },
      {
        "date": "2026-03-02",
        "equity": 9064.54
      },
      {
        "date": "2026-03-03",
        "equity": 9468.01
      },
      {
        "date": "2026-03-04",
        "equity": 9731.01
      },
      {
        "date": "2026-03-05",
        "equity": 9631.89
      },
      {
        "date": "2026-03-06",
        "equity": 10116.57
      },
      {
        "date": "2026-03-09",
        "equity": 10532.5
      },
      {
        "date": "2026-03-10",
        "equity": 10138.75
      },
      {
        "date": "2026-03-11",
        "equity": 10149.56
      },
      {
        "date": "2026-03-12",
        "equity": 10044.67
      },
      {
        "date": "2026-03-13",
        "equity": 9790.81
      },
      {
        "date": "2026-03-16",
        "equity": 9887.58
      }
    ],
    "B": [
      {
        "date": "2026-02-04",
        "equity": 9854.95
      },
      {
        "date": "2026-02-05",
        "equity": 9611.16
      },
      {
        "date": "2026-02-06",
        "equity": 9423.96
      },
      {
        "date": "2026-02-09",
        "equity": 9525.54
      },
      {
        "date": "2026-02-10",
        "equity": 9354.22
      },
      {
        "date": "2026-02-11",
        "equity": 9347.5
      },
      {
        "date": "2026-02-12",
        "equity": 9096.96
      },
      {
        "date": "2026-02-13",
        "equity": 8855.1
      },
      {
        "date": "2026-02-17",
        "equity": 8128.57
      },
      {
        "date": "2026-02-18",
        "equity": 8200.89
      },
      {
        "date": "2026-02-19",
        "equity": 8356.1
      },
      {
        "date": "2026-02-20",
        "equity": 8392.3
      },
      {
        "date": "2026-02-23",
        "equity": 8133.6
      },
      {
        "date": "2026-02-24",