{
  "timestamp": "2026-02-18T23:26:10.844916",
  "strategies": {
    "A": {
      "name": "Mean Reversion",
      "metrics": {
        "total_profit": -557.9800000000001,
        "total_return_pct": -5.579800000000001,
        "num_trades": 33,
        "win_rate": 57.57575757575758,
        "avg_win": 73.25894736842106,
        "avg_loss": -139.2785714285714,
        "sharpe_ratio": -2.1845250549595483,
        "max_drawdown_pct": 10.017983023339802,
        "profit_factor": 0.5259886471910842
      }
    },
    "B": {
      "name": "Volume Breakout",
      "metrics": {
        "total_profit": -1799.1100000000001,
        "total_return_pct": -17.991100000000003,
        "num_trades": 33,
        "win_rate": 33.33333333333333,
        "avg_win": 154.1109090909091,
        "avg_loss": -158.83318181818183,
        "sharpe_ratio": -4.529821178397585,
        "max_drawdown_pct": 18.47257117352952,
        "profit_factor": 0.9702689786024788
      }
    },
    "V": {
      "name": "Trend Breakout",
      "metrics": {
        "total_profit": 1170.92,
        "total_return_pct": 11.709200000000001,
        "num_trades": 33,
        "win_rate": 54.54545454545454,
        "avg_win": 148.68444444444447,
        "avg_loss": -100.35999999999999,
        "sharpe_ratio": 3.024956640725039,
        "max_drawdown_pct": 7.8445358921674275,
        "profit_factor": 1.4815110048270674
      }
    },
    "M": {
      "name": "Momentum",
      "metrics": {
        "total_profit": 8304.350000000002,
        "total_return_pct": 83.04350000000002,
        "num_trades": 27,
        "win_rate": 55.55555555555556,
        "avg_win": 710.1240000000001,
        "avg_loss": -195.62583333333336,
        "sharpe_ratio": 8.40242958553781,
        "max_drawdown_pct": 5.8077942399593825,
        "profit_factor": 3.6300113737534665
      }
    }
  },
  "signals": {
    "A": [
      {
        "ticker": "MGCLY",
        "action": "Long",
        "allocation_usd": 10000,
        "sl_factor": 0.8,
        "z_score": 1.62,
        "prev_return_pct": null,
        "vol_ratio": 1.26,
        "ticker_group": "BIG + ETF"
      },
      {
        "ticker": "SPG",
        "action": "Long",
        "allocation_usd": 10000,
        "sl_factor": 3.2,
        "z_score": 0.12,
        "prev_return_pct": null,
        "vol_ratio": 0.96,
        "ticker_group": "BIG + ETF"
      },
      {
        "ticker": "AMT",
        "action": "Long",
        "allocation_usd": 10000,
        "sl_factor": 3.2,
        "z_score": 0.1,
        "prev_return_pct": null,
        "vol_ratio": 0.91,
        "ticker_group": "BIG + ETF"
      }
    ],
    "B": [
      {
        "ticker": "DHR",
        "action": "Long",
        "allocation_usd": 10000,
        "sl_factor": 0.4,
        "z_score": 0.09,
        "prev_return_pct": null,
        "vol_ratio": 1.78,
        "ticker_group": "BIG + ETF"
      },
      {
        "ticker": "PSA",
        "action": "Short",
        "allocation_usd": 10000,
        "sl_factor": 0.4,
        "z_score": 0.02,
        "prev_return_pct": null,
        "vol_ratio": 1.57,
        "ticker_group": "BIG + ETF"
      },
      {
        "ticker": "MFG",
        "action": "Long",
        "allocation_usd": 10000,
        "sl_factor": 0.8,
        "z_score": 0.02,
        "prev_return_pct": null,
        "vol_ratio": 1.56,
        "ticker_group": "BIG + ETF"
      }
    ],
    "V": [
      {
        "ticker": "NCLTY",
        "action": "Long",
        "allocation_usd": 10000,
        "sl_factor": 3.2,
        "z_score": 0.22,
        "prev_return_pct": null,
        "vol_ratio": 4.76,
        "ticker_group": "SMALL"
      },
      {
        "ticker": "RDEIY",
        "action": "Long",
        "allocation_usd": 10000,
        "sl_factor": 3.2,
        "z_score": 0.16,
        "prev_return_pct": null,
        "vol_ratio": 0.48,
        "ticker_group": "SMALL"
      },
      {
        "ticker": "TPL",
        "action": "Long",
        "allocation_usd": 10000,
        "sl_factor": 0.8,
        "z_score": 0.12,
        "prev_return_pct": null,
        "vol_ratio": 1.83,
        "ticker_group": "SMALL"
      }
    ],
    "M": [
      {
        "ticker": "NJDCY",
        "action": "Long",
        "allocation_usd": 10000,
        "sl_factor": 0.4,
        "z_score": null,
        "prev_return_pct": 9.97,
        "vol_ratio": 0.15,
        "ticker_group": "SMALL"
      },
      {
        "ticker": "ICLR",
        "action": "Long",
        "allocation_usd": 10000,
        "sl_factor": 3.2,
        "z_score": null,
        "prev_return_pct": 8.11,
        "vol_ratio": 1.68,
        "ticker_group": "SMALL"
      },
      {
        "ticker": "MGM",
        "action": "Long",
        "allocation_usd": 10000,
        "sl_factor": 0.4,
        "z_score": null,
        "prev_return_pct": 7.61,
        "vol_ratio": 0.75,
        "ticker_group": "SMALL"
      }
    ]
  },
  "equity": {
    "A": [
      {
        "date": "2026-02-04",
        "equity": 10223.69
      },
      {
        "date": "2026-02-05",
        "equity": 10148.22
      },
      {
        "date": "2026-02-06",
        "equity": 10481.13
      },
      {
        "date": "2026-02-09",
        "equity": 10206.79
      },
      {
        "date": "2026-02-10",
        "equity": 9947.81
      },
      {
        "date": "2026-02-11",
        "equity": 10129.36
      },
      {
        "date": "2026-02-12",
        "equity": 9833.96
      },
      {
        "date": "2026-02-13",
        "equity": 9862.44
      },
      {
        "date": "2026-02-17",
        "equity": 10023.26
      },
      {
        "date": "2026-02-18",
        "equity": 9442.02
      }
    ],
    "B": [
      {
        "date": "2026-02-04",
        "equity": 9854.95
      },
      {
        "date": "2026-02-05",
        "equity": 9611.16
      },
      {
        "date": "2026-02-06",
        "equity": 9423.96
      },
      {
        "date": "2026-02-09",
        "equity": 9525.54
      },
      {
        "date": "2026-02-10",
        "equity": 9354.22
      },
      {
        "date": "2026-02-11",
        "equity": 9347.5
      },
      {
        "date": "2026-02-12",
        "equity": 9096.96
      },
      {
        "date": "2026-02-13",
        "equity": 8855.1
      },
      {
        "date": "2026-02-17",
        "equity": 8128.57
      },
      {
        "date": "2026-02-18",
        "equity": 8200.89
      }
    ],
    "V": [
      {
        "date": "2026-02-04",
        "equity": 9799.16
      },
      {
        "date": "2026-02-05",
        "equity": 9920.44
      },
      {
        "date": "2026-02-06",
        "equity": 10105.91
      },
      {
        "date": "2026-02-09",
        "equity": 10444.34
      },
      {
        "date": "2026-02-10",
        "equity": 10297.56
      },
      {
        "date": "2026-02-11",
        "equity": 10242.95
      },
      {
        "date": "2026-02-12",
        "equity": 9625.03
      },
      {
        "date": "2026-02-13",
        "equity": 11276.72
      },
      {
        "date": "2026-02-17",
        "equity": 11398.8
      },
      {
        "date": "2026-02-18",
        "equity": 11170.92
      }
    ],
    "M": [
      {
        "date": "2026-02-04",
        "equity": 11024.63
      },
      {
        "date": "2026-02-05",
        "equity": 14892.66
      },
      {
        "date": "2026-02-06",
        "equity": 15431.03
      },
      {
        "date": "2026-02-09",
        "equity": 16065.03
      },
      {
        "date": "2026-02-10",
        "equity": 17024.88
      },
      {
        "date": "2026-02-11",
        "equity": 16164.6
      },
      {
        "date": "2026-02-12",
        "equity": 16204.03
      },
      {
        "date": "2026-02-13",
        "equity": 18525.86
      },
      {
        "date": "2026-02-17",
        "equity": 18502.14
      },
      {
        "date": "2026-02-18",
        "equity": 18304.35
      }
    ]
  }
}