{
  "timestamp": "2026-02-23T23:32:23.455693",
  "strategies": {
    "A": {
      "name": "Mean Reversion",
      "metrics": {
        "total_profit": -1064.43,
        "total_return_pct": -10.644300000000001,
        "num_trades": 42,
        "win_rate": 57.14285714285714,
        "avg_win": 70.81583333333333,
        "avg_loss": -153.55611111111114,
        "sharpe_ratio": -2.8338663476963997,
        "max_drawdown_pct": 14.844428264700191,
        "profit_factor": 0.46117235465862993
      }
    },
    "B": {
      "name": "Volume Breakout",
      "metrics": {
        "total_profit": -1866.4,
        "total_return_pct": -18.664,
        "num_trades": 42,
        "win_rate": 35.714285714285715,
        "avg_win": 137.8493333333333,
        "avg_loss": -145.7088888888889,
        "sharpe_ratio": -3.9698857954515594,
        "max_drawdown_pct": 18.47257117352952,
        "profit_factor": 0.9460598758559682
      }
    },
    "V": {
      "name": "Trend Breakout",
      "metrics": {
        "total_profit": 2581.2100000000005,
        "total_return_pct": 25.812100000000004,
        "num_trades": 41,
        "win_rate": 56.09756097560976,
        "avg_win": 189.42565217391308,
        "avg_loss": -98.64333333333335,
        "sharpe_ratio": 3.816198310092496,
        "max_drawdown_pct": 7.8445358921674275,
        "profit_factor": 1.920308709903488
      }
    },
    "M": {
      "name": "Momentum",
      "metrics": {
        "total_profit": 7969.099999999999,
        "total_return_pct": 79.69099999999999,
        "num_trades": 34,
        "win_rate": 47.05882352941176,
        "avg_win": 688.06,
        "avg_loss": -168.88111111111112,
        "sharpe_ratio": 6.833215976208124,
        "max_drawdown_pct": 5.8077942399593825,
        "profit_factor": 4.074227102563933
      }
    }
  },
  "signals": {
    "A": [
      {
        "ticker": "SPG",
        "action": "Long",
        "allocation_usd": 10000,
        "sl_factor": 3.2,
        "z_score": 0.12,
        "prev_return_pct": null,
        "vol_ratio": 0.83,
        "ticker_group": "BIG + ETF"
      },
      {
        "ticker": "PSA",
        "action": "Long",
        "allocation_usd": 10000,
        "sl_factor": 0.8,
        "z_score": 0.09,
        "prev_return_pct": null,
        "vol_ratio": 0.99,
        "ticker_group": "BIG + ETF"
      },
      {
        "ticker": "MO",
        "action": "Long",
        "allocation_usd": 10000,
        "sl_factor": 0.4,
        "z_score": 0.08,
        "prev_return_pct": null,
        "vol_ratio": 0.66,
        "ticker_group": "BIG + ETF"
      }
    ],
    "B": [
      {
        "ticker": "MGCLY",
        "action": "Short",
        "allocation_usd": 10000,
        "sl_factor": 3.2,
        "z_score": 0.21,
        "prev_return_pct": null,
        "vol_ratio": 1.9,
        "ticker_group": "BIG + ETF"
      },
      {
        "ticker": "BX",
        "action": "Short",
        "allocation_usd": 10000,
        "sl_factor": 1.6,
        "z_score": 0.15,
        "prev_return_pct": null,
        "vol_ratio": 1.88,
        "ticker_group": "BIG + ETF"
      },
      {
        "ticker": "PANW",
        "action": "Short",
        "allocation_usd": 10000,
        "sl_factor": 0.6,
        "z_score": 0.12,
        "prev_return_pct": null,
        "vol_ratio": 1.73,
        "ticker_group": "BIG + ETF"
      }
    ],
    "V": [
      {
        "ticker": "AS",
        "action": "Long",
        "allocation_usd": 10000,
        "sl_factor": 1.6,
        "z_score": 0.22,
        "prev_return_pct": null,
        "vol_ratio": 0.9,
        "ticker_group": "SMALL"
      },
      {
        "ticker": "ULS",
        "action": "Long",
        "allocation_usd": 10000,
        "sl_factor": 0.8,
        "z_score": 0.17,
        "prev_return_pct": null,
        "vol_ratio": 0.91,
        "ticker_group": "SMALL"
      },
      {
        "ticker": "TPL",
        "action": "Long",
        "allocation_usd": 10000,
        "sl_factor": 0.8,
        "z_score": 0.12,
        "prev_return_pct": null,
        "vol_ratio": 1.91,
        "ticker_group": "SMALL"
      }
    ],
    "M": [
      {
        "ticker": "BE",
        "action": "Long",
        "allocation_usd": 10000,
        "sl_factor": 0.4,
        "z_score": null,
        "prev_return_pct": 8.52,
        "vol_ratio": 0.86,
        "ticker_group": "SMALL"
      },
      {
        "ticker": "ASTS",
        "action": "Long",
        "allocation_usd": 10000,
        "sl_factor": 1.6,
        "z_score": null,
        "prev_return_pct": 7.22,
        "vol_ratio": 0.72,
        "ticker_group": "SMALL"
      },
      {
        "ticker": "FN",
        "action": "Long",
        "allocation_usd": 10000,
        "sl_factor": 1.6,
        "z_score": null,
        "prev_return_pct": 6.79,
        "vol_ratio": 1.0,
        "ticker_group": "SMALL"
      }
    ]
  },
  "equity": {
    "A": [
      {
        "date": "2026-02-04",
        "equity": 10223.69
      },
      {
        "date": "2026-02-05",
        "equity": 10148.22
      },
      {
        "date": "2026-02-06",
        "equity": 10481.13
      },
      {
        "date": "2026-02-09",
        "equity": 10206.79
      },
      {
        "date": "2026-02-10",
        "equity": 9947.81
      },
      {
        "date": "2026-02-11",
        "equity": 10129.36
      },
      {
        "date": "2026-02-12",
        "equity": 9833.96
      },
      {
        "date": "2026-02-13",
        "equity": 9862.44
      },
      {
        "date": "2026-02-17",
        "equity": 10023.26
      },
      {
        "date": "2026-02-18",
        "equity": 8885.83
      },
      {
        "date": "2026-02-19",
        "equity": 8905.34
      },
      {
        "date": "2026-02-20",
        "equity": 9101.39
      },
      {
        "date": "2026-02-23",
        "equity": 8935.57
      }
    ],
    "B": [
      {
        "date": "2026-02-04",
        "equity": 9854.95
      },
      {
        "date": "2026-02-05",
        "equity": 9611.16
      },
      {
        "date": "2026-02-06",
        "equity": 9423.96
      },
      {
        "date": "2026-02-09",
        "equity": 9525.54
      },
      {
        "date": "2026-02-10",
        "equity": 9354.22
      },
      {
        "date": "2026-02-11",
        "equity": 9347.5
      },
      {
        "date": "2026-02-12",
        "equity": 9096.96
      },
      {
        "date": "2026-02-13",
        "equity": 8855.1
      },
      {
        "date": "2026-02-17",
        "equity": 8128.57
      },
      {
        "date": "2026-02-18",
        "equity": 8200.89
      },
      {
        "date": "2026-02-19",
        "equity": 8356.1
      },
      {
        "date": "2026-02-20",
        "equity": 8392.3
      },
      {
        "date": "2026-02-23",
        "equity": 8133.6
      }
    ],
    "V": [
      {
        "date": "2026-02-04",
        "equity": 9799.16
      },
      {
        "date": "2026-02-05",
        "equity": 9920.44
      },
      {
        "date": "2026-02-06",
        "equity": 10105.91
      },
      {
        "date": "2026-02-09",
        "equity": 10444.34
      },
      {
        "date": "2026-02-10",
        "equity": 10297.56
      },
      {
        "date": "2026-02-11",
        "equity": 10242.95
      },
      {
        "date": "2026-02-12",
        "equity": 9625.03
      },
      {
        "date": "2026-02-13",
        "equity": 11276.72
      },
      {
        "date": "2026-02-17",
        "equity": 11398.8
      },
      {
        "date": "2026-02-18",
        "equity": 11170.92
      },
      {
        "date": "2026-02-19",
        "equity": 12365.38
      },
      {
        "date": "2026-02-20",
        "equity": 12608.1
      },
      {
        "date": "2026-02-23",
        "equity": 12581.21
      }
    ],
    "M": [
      {
        "date": "2026-02-04",
        "equity": 11024.63
      },
      {
        "date": "2026-02-05",
        "equity": 14892.66
      },
      {
        "date": "2026-02-06",