{
  "timestamp": "2026-02-24T23:28:29.131346",
  "strategies": {
    "A": {
      "name": "Mean Reversion",
      "metrics": {
        "total_profit": -1059.1200000000001,
        "total_return_pct": -10.5912,
        "num_trades": 45,
        "win_rate": 55.55555555555556,
        "avg_win": 70.5712,
        "avg_loss": -141.17000000000002,
        "sharpe_ratio": -2.7108035727533917,
        "max_drawdown_pct": 15.410412237223422,
        "profit_factor": 0.4999022455195863
      }
    },
    "B": {
      "name": "Volume Breakout",
      "metrics": {
        "total_profit": -2413.49,
        "total_return_pct": -24.1349,
        "num_trades": 45,
        "win_rate": 33.33333333333333,
        "avg_win": 137.8493333333333,
        "avg_loss": -149.37433333333334,
        "sharpe_ratio": -4.792683267732748,
        "max_drawdown_pct": 23.909291047957204,
        "profit_factor": 0.9228448439379364
      }
    },
    "V": {
      "name": "Trend Breakout",
      "metrics": {
        "total_profit": 3353.850000000001,
        "total_return_pct": 33.53850000000001,
        "num_trades": 44,
        "win_rate": 56.81818181818182,
        "avg_win": 209.90120000000002,
        "avg_loss": -99.66736842105263,
        "sharpe_ratio": 4.529335474471965,
        "max_drawdown_pct": 7.8445358921674275,
        "profit_factor": 2.1060172785264673
      }
    },
    "M": {
      "name": "Momentum",
      "metrics": {
        "total_profit": 9040.97,
        "total_return_pct": 90.40969999999999,
        "num_trades": 37,
        "win_rate": 51.35135135135135,
        "avg_win": 635.8331578947367,
        "avg_loss": -168.88111111111112,
        "sharpe_ratio": 7.349082569648587,
        "max_drawdown_pct": 5.8077942399593825,
        "profit_factor": 3.7649749798034318
      }
    }
  },
  "signals": {
    "A": [
      {
        "ticker": "CM",
        "action": "Long",
        "allocation_usd": 10000,
        "sl_factor": 3.2,
        "z_score": 0.18,
        "prev_return_pct": null,
        "vol_ratio": 2.65,
        "ticker_group": "BIG + ETF"
      },
      {
        "ticker": "TAK",
        "action": "Long",
        "allocation_usd": 10000,
        "sl_factor": 1.6,
        "z_score": 0.16,
        "prev_return_pct": null,
        "vol_ratio": 0.62,
        "ticker_group": "BIG + ETF"
      },
      {
        "ticker": "CFRUY",
        "action": "Long",
        "allocation_usd": 10000,
        "sl_factor": 3.2,
        "z_score": 0.14,
        "prev_return_pct": null,
        "vol_ratio": 1.13,
        "ticker_group": "BIG + ETF"
      }
    ],
    "B": [
      {
        "ticker": "BX",
        "action": "Short",
        "allocation_usd": 10000,
        "sl_factor": 1.6,
        "z_score": 0.15,
        "prev_return_pct": null,
        "vol_ratio": 2.17,
        "ticker_group": "BIG + ETF"
      },
      {
        "ticker": "KKR",
        "action": "Short",
        "allocation_usd": 10000,
        "sl_factor": 0.6,
        "z_score": 0.13,
        "prev_return_pct": null,
        "vol_ratio": 1.69,
        "ticker_group": "BIG + ETF"
      },
      {
        "ticker": "APO",
        "action": "Short",
        "allocation_usd": 10000,
        "sl_factor": 0.4,
        "z_score": 0.12,
        "prev_return_pct": null,
        "vol_ratio": 1.73,
        "ticker_group": "BIG + ETF"
      }
    ],
    "V": [
      {
        "ticker": "NPXYY",
        "action": "Long",
        "allocation_usd": 10000,
        "sl_factor": 1.6,
        "z_score": 0.36,
        "prev_return_pct": null,
        "vol_ratio": 0.72,
        "ticker_group": "SMALL"
      },
      {
        "ticker": "TPL",
        "action": "Long",
        "allocation_usd": 10000,
        "sl_factor": 0.8,
        "z_score": 0.11,
        "prev_return_pct": null,
        "vol_ratio": 2.11,
        "ticker_group": "SMALL"
      },
      {
        "ticker": "COKE",
        "action": "Long",
        "allocation_usd": 10000,
        "sl_factor": 1.6,
        "z_score": 0.09,
        "prev_return_pct": null,
        "vol_ratio": 1.13,
        "ticker_group": "SMALL"
      }
    ],
    "M": [
      {
        "ticker": "NJDCY",
        "action": "Long",
        "allocation_usd": 10000,
        "sl_factor": 0.4,
        "z_score": null,
        "prev_return_pct": 13.56,
        "vol_ratio": 0.72,
        "ticker_group": "SMALL"
      },
      {
        "ticker": "DRS",
        "action": "Long",
        "allocation_usd": 10000,
        "sl_factor": 3.2,
        "z_score": null,
        "prev_return_pct": 10.13,
        "vol_ratio": 1.07,
        "ticker_group": "SMALL"
      },
      {
        "ticker": "GLXY",
        "action": "Long",
        "allocation_usd": 10000,
        "sl_factor": 3.2,
        "z_score": null,
        "prev_return_pct": 8.13,
        "vol_ratio": 0.52,
        "ticker_group": "SMALL"
      }
    ]
  },
  "equity": {
    "A": [
      {
        "date": "2026-02-04",
        "equity": 10223.69
      },
      {
        "date": "2026-02-05",
        "equity": 10148.22
      },
      {
        "date": "2026-02-06",
        "equity": 10481.13
      },
      {
        "date": "2026-02-09",
        "equity": 10206.79
      },
      {
        "date": "2026-02-10",
        "equity": 9947.81
      },
      {
        "date": "2026-02-11",
        "equity": 10129.36
      },
      {
        "date": "2026-02-12",
        "equity": 9833.96
      },
      {
        "date": "2026-02-13",
        "equity": 9862.44
      },
      {
        "date": "2026-02-17",
        "equity": 10023.26
      },
      {
        "date": "2026-02-18",
        "equity": 8885.83
      },
      {
        "date": "2026-02-19",
        "equity": 8905.34
      },
      {
        "date": "2026-02-20",
        "equity": 9101.39
      },
      {
        "date": "2026-02-23",
        "equity": 8935.57
      },
      {
        "date": "2026-02-24",
        "equity": 8940.88
      }
    ],
    "B": [
      {
        "date": "2026-02-04",
        "equity": 9854.95
      },
      {
        "date": "2026-02-05",
        "equity": 9611.16
      },
      {
        "date": "2026-02-06",
        "equity": 9423.96
      },
      {
        "date": "2026-02-09",
        "equity": 9525.54
      },
      {
        "date": "2026-02-10",
        "equity": 9354.22
      },
      {
        "date": "2026-02-11",
        "equity": 9347.5
      },
      {
        "date": "2026-02-12",
        "equity": 9096.96
      },
      {
        "date": "2026-02-13",
        "equity": 8855.1
      },
      {
        "date": "2026-02-17",
        "equity": 8128.57
      },
      {
        "date": "2026-02-18",
        "equity": 8200.89
      },
      {
        "date": "2026-02-19",
        "equity": 8356.1
      },
      {
        "date": "2026-02-20",
        "equity": 8392.3
      },
      {
        "date": "2026-02-23",
        "equity": 8133.6
      },
      {
        "date": "2026-02-24",
        "equity": 7586.51
      }
    ],
    "V": [
      {
        "date": "2026-02-04",
        "equity": 9799.16
      },
      {
        "date": "2026-02-05",
        "equity": 9920.44
      },
      {
        "date": "2026-02-06",
        "equity": 10105.91
      },
      {
        "date": "2026-02-09",
        "equity": 10444.34
      },
      {
        "date": "2026-02-10",
        "equity": 10297.56
      },
      {
        "date": "2026-02-11",
        "equity": 10242.95
      },
      {
        "date": "2026-02-12",
        "equity": 9625.03
      },
      {
        "date": "2026-02-13",
        "equity": 11276.72
      },
      {
        "date": "2026-02-17",
        "equity": 11398.8
      },
      {
        "date": "2026-02-18",
        "equity": 11170.92
      },
      {
        "date": "2026-02-19",
        "equity": 12365.38
      },
      {
        "date": "2026-02-20",
        "equity": 12608.1
      },
      {
        "date": "2026-02-23",
        "equity": 12581.21
      },
      {
        "date": "2026-02-24",
        "equity": 13353.85
      }
    ],