{
  "timestamp": "2026-03-06T23:24:27.615780",
  "strategies": {
    "A": {
      "name": "Mean Reversion",
      "metrics": {
        "total_profit": 116.56999999999977,
        "total_return_pct": 1.1656999999999977,
        "num_trades": 69,
        "win_rate": 59.42028985507246,
        "avg_win": 94.79926829268294,
        "avg_loss": -134.65,
        "sharpe_ratio": 0.18453685539970552,
        "max_drawdown_pct": 17.18060120668278,
        "profit_factor": 0.7040420964922609
      }
    },
    "B": {
      "name": "Volume Breakout",
      "metrics": {
        "total_profit": -4660.48,
        "total_return_pct": -46.6048,
        "num_trades": 69,
        "win_rate": 30.434782608695656,
        "avg_win": 123.08714285714285,
        "avg_loss": -150.9439583333333,
        "sharpe_ratio": -6.414937725700382,
        "max_drawdown_pct": 46.4460124268456,
        "profit_factor": 0.8154492847294122
      }
    },
    "V": {
      "name": "Trend Breakout",
      "metrics": {
        "total_profit": 4187.33,
        "total_return_pct": 41.87329999999999,
        "num_trades": 68,
        "win_rate": 61.76470588235294,
        "avg_win": 162.87880952380954,
        "avg_loss": -102.06076923076924,
        "sharpe_ratio": 4.244747332721167,
        "max_drawdown_pct": 7.8445358921674275,
        "profit_factor": 1.5959002734490944
      }
    },
    "M": {
      "name": "Momentum",
      "metrics": {
        "total_profit": 7525.3,
        "total_return_pct": 75.253,
        "num_trades": 57,
        "win_rate": 47.368421052631575,
        "avg_win": 524.5396296296296,
        "avg_loss": -221.24233333333333,
        "sharpe_ratio": 4.247713459169157,
        "max_drawdown_pct": 9.883557877443527,
        "profit_factor": 2.3708827407787973
      }
    }
  },
  "signals": {
    "A": [
      {
        "ticker": "INTU",
        "action": "Long",
        "allocation_usd": 10000,
        "sl_factor": 0.6,
        "z_score": 0.06,
        "prev_return_pct": null,
        "vol_ratio": 1.36,
        "ticker_group": "BIG + ETF"
      },
      {
        "ticker": "WM",
        "action": "Long",
        "allocation_usd": 10000,
        "sl_factor": 0.8,
        "z_score": 0.04,
        "prev_return_pct": null,
        "vol_ratio": 1.55,
        "ticker_group": "BIG + ETF"
      },
      {
        "ticker": "CEG",
        "action": "Long",
        "allocation_usd": 10000,
        "sl_factor": 0.4,
        "z_score": 0.03,
        "prev_return_pct": null,
        "vol_ratio": 0.77,
        "ticker_group": "BIG + ETF"
      }
    ],
    "B": [
      {
        "ticker": "MGCLY",
        "action": "Short",
        "allocation_usd": 10000,
        "sl_factor": 3.2,
        "z_score": 0.22,
        "prev_return_pct": null,
        "vol_ratio": 2.15,
        "ticker_group": "BIG + ETF"
      },
      {
        "ticker": "MCK",
        "action": "Short",
        "allocation_usd": 10000,
        "sl_factor": 3.2,
        "z_score": 0.09,
        "prev_return_pct": null,
        "vol_ratio": 1.7,
        "ticker_group": "BIG + ETF"
      },
      {
        "ticker": "CTAS",
        "action": "Long",
        "allocation_usd": 10000,
        "sl_factor": 0.4,
        "z_score": 0.09,
        "prev_return_pct": null,
        "vol_ratio": 2.09,
        "ticker_group": "BIG + ETF"
      }
    ],
    "V": [
      {
        "ticker": "MORN",
        "action": "Long",
        "allocation_usd": 10000,
        "sl_factor": 1.6,
        "z_score": 0.17,
        "prev_return_pct": null,
        "vol_ratio": 0.69,
        "ticker_group": "SMALL"
      },
      {
        "ticker": "THC",
        "action": "Long",
        "allocation_usd": 10000,
        "sl_factor": 1.6,
        "z_score": 0.12,
        "prev_return_pct": null,
        "vol_ratio": 0.78,
        "ticker_group": "SMALL"
      },
      {
        "ticker": "IOT",
        "action": "Long",
        "allocation_usd": 10000,
        "sl_factor": 3.2,
        "z_score": 0.11,
        "prev_return_pct": null,
        "vol_ratio": 2.26,
        "ticker_group": "SMALL"
      }
    ],
    "M": [
      {
        "ticker": "IOT",
        "action": "Long",
        "allocation_usd": 10000,
        "sl_factor": 3.2,
        "z_score": null,
        "prev_return_pct": 9.85,
        "vol_ratio": 2.26,
        "ticker_group": "SMALL"
      },
      {
        "ticker": "AVAV",
        "action": "Long",
        "allocation_usd": 10000,
        "sl_factor": 0.8,
        "z_score": null,
        "prev_return_pct": 7.07,
        "vol_ratio": 1.17,
        "ticker_group": "SMALL"
      },
      {
        "ticker": "ESLT",
        "action": "Long",
        "allocation_usd": 10000,
        "sl_factor": 3.2,
        "z_score": null,
        "prev_return_pct": 5.41,
        "vol_ratio": 2.36,
        "ticker_group": "SMALL"
      }
    ]
  },
  "equity": {
    "A": [
      {
        "date": "2026-02-04",
        "equity": 10223.69
      },
      {
        "date": "2026-02-05",
        "equity": 10148.22
      },
      {
        "date": "2026-02-06",
        "equity": 10481.13
      },
      {
        "date": "2026-02-09",
        "equity": 10206.79
      },
      {
        "date": "2026-02-10",
        "equity": 9947.81
      },
      {
        "date": "2026-02-11",
        "equity": 10129.36
      },
      {
        "date": "2026-02-12",
        "equity": 9833.96
      },
      {
        "date": "2026-02-13",
        "equity": 9862.44
      },
      {
        "date": "2026-02-17",
        "equity": 10023.26
      },
      {
        "date": "2026-02-18",
        "equity": 8885.83
      },
      {
        "date": "2026-02-19",
        "equity": 8905.34
      },
      {
        "date": "2026-02-20",
        "equity": 9101.39
      },
      {
        "date": "2026-02-23",
        "equity": 8935.57
      },
      {
        "date": "2026-02-24",
        "equity": 8940.88
      },
      {
        "date": "2026-02-25",
        "equity": 9103.51
      },
      {
        "date": "2026-02-26",
        "equity": 8896.61
      },
      {
        "date": "2026-02-27",
        "equity": 8690.43
      },
      {
        "date": "2026-03-02",
        "equity": 9064.54
      },
      {
        "date": "2026-03-03",
        "equity": 9468.01
      },
      {
        "date": "2026-03-04",
        "equity": 9731.01
      },
      {
        "date": "2026-03-05",
        "equity": 9631.89
      },
      {
        "date": "2026-03-06",
        "equity": 10116.57
      }
    ],
    "B": [
      {
        "date": "2026-02-04",
        "equity": 9854.95
      },
      {
        "date": "2026-02-05",
        "equity": 9611.16
      },
      {
        "date": "2026-02-06",
        "equity": 9423.96
      },
      {
        "date": "2026-02-09",
        "equity": 9525.54
      },
      {
        "date": "2026-02-10",
        "equity": 9354.22
      },
      {
        "date": "2026-02-11",
        "equity": 9347.5
      },
      {
        "date": "2026-02-12",
        "equity": 9096.96
      },
      {
        "date": "2026-02-13",
        "equity": 8855.1
      },
      {
        "date": "2026-02-17",
        "equity": 8128.57
      },
      {
        "date": "2026-02-18",
        "equity": 8200.89
      },
      {
        "date": "2026-02-19",
        "equity": 8356.1
      },
      {
        "date": "2026-02-20",
        "equity": 8392.3
      },
      {
        "date": "2026-02-23",
        "equity": 8133.6
      },
      {
        "date": "2026-02-24",
        "equity": 7586.51
      },
      {
        "date": "2026-02-25",
        "equity": 7282.93
      },
      {
        "date": "2026-02-26",
        "equity": 7167.01
      },
      {
        "date": "2026-02-27",
        "equity": 6795.32
      },
      {
        "date": "2026-03-02",
        "equity": 6350.91
      },
      {
        "date": "2026-03-03",
        "equity": 5592.93
      },
      {
        "date": "2026-03-04",
        "equity": 5783.97
      },
      {
        "date": "2026-03-05",