{
  "timestamp": "2026-02-20T23:25:14.790810",
  "strategies": {
    "A": {
      "name": "Mean Reversion",
      "metrics": {
        "total_profit": -342.4200000000002,
        "total_return_pct": -3.4242000000000017,
        "num_trades": 39,
        "win_rate": 61.53846153846154,
        "avg_win": 70.81583333333333,
        "avg_loss": -136.1333333333333,
        "sharpe_ratio": -1.1865263209378776,
        "max_drawdown_pct": 10.017983023339802,
        "profit_factor": 0.5201946620959844
      }
    },
    "B": {
      "name": "Volume Breakout",
      "metrics": {
        "total_profit": -1607.7000000000005,
        "total_return_pct": -16.077000000000005,
        "num_trades": 39,
        "win_rate": 38.46153846153847,
        "avg_win": 137.8493333333333,
        "avg_loss": -153.14333333333335,
        "sharpe_ratio": -3.5746783974755636,
        "max_drawdown_pct": 18.47257117352952,
        "profit_factor": 0.9001327732189885
      }
    },
    "V": {
      "name": "Trend Breakout",
      "metrics": {
        "total_profit": 2608.1000000000004,
        "total_return_pct": 26.081000000000003,
        "num_trades": 39,
        "win_rate": 56.41025641025641,
        "avg_win": 192.2045454545455,
        "avg_loss": -95.31764705882354,
        "sharpe_ratio": 3.990985644553871,
        "max_drawdown_pct": 7.8445358921674275,
        "profit_factor": 2.0164633872668927
      }
    },
    "M": {
      "name": "Momentum",
      "metrics": {
        "total_profit": 8030.91,
        "total_return_pct": 80.3091,
        "num_trades": 32,
        "win_rate": 50.0,
        "avg_win": 688.06,
        "avg_loss": -186.128125,
        "sharpe_ratio": 7.151582010375807,
        "max_drawdown_pct": 5.8077942399593825,
        "profit_factor": 3.696700861301858
      }
    }
  },
  "signals": {
    "A": [
      {
        "ticker": "GEV",
        "action": "Long",
        "allocation_usd": 10000,
        "sl_factor": 3.2,
        "z_score": 0.27,
        "prev_return_pct": null,
        "vol_ratio": 0.52,
        "ticker_group": "BIG + ETF"
      },
      {
        "ticker": "CM",
        "action": "Long",
        "allocation_usd": 10000,
        "sl_factor": 3.2,
        "z_score": 0.18,
        "prev_return_pct": null,
        "vol_ratio": 0.93,
        "ticker_group": "BIG + ETF"
      },
      {
        "ticker": "BHP",
        "action": "Long",
        "allocation_usd": 10000,
        "sl_factor": 0.6,
        "z_score": 0.09,
        "prev_return_pct": null,
        "vol_ratio": 0.79,
        "ticker_group": "BIG + ETF"
      }
    ],
    "B": [
      {
        "ticker": "MGCLY",
        "action": "Short",
        "allocation_usd": 10000,
        "sl_factor": 3.2,
        "z_score": 0.21,
        "prev_return_pct": null,
        "vol_ratio": 1.9,
        "ticker_group": "BIG + ETF"
      },
      {
        "ticker": "DE",
        "action": "Long",
        "allocation_usd": 10000,
        "sl_factor": 1.6,
        "z_score": 0.18,
        "prev_return_pct": null,
        "vol_ratio": 3.47,
        "ticker_group": "BIG + ETF"
      },
      {
        "ticker": "BX",
        "action": "Short",
        "allocation_usd": 10000,
        "sl_factor": 1.6,
        "z_score": 0.15,
        "prev_return_pct": null,
        "vol_ratio": 1.54,
        "ticker_group": "BIG + ETF"
      }
    ],
    "V": [
      {
        "ticker": "ULS",
        "action": "Long",
        "allocation_usd": 10000,
        "sl_factor": 0.8,
        "z_score": 0.17,
        "prev_return_pct": null,
        "vol_ratio": 2.57,
        "ticker_group": "SMALL"
      },
      {
        "ticker": "TPL",
        "action": "Long",
        "allocation_usd": 10000,
        "sl_factor": 0.8,
        "z_score": 0.12,
        "prev_return_pct": null,
        "vol_ratio": 1.63,
        "ticker_group": "SMALL"
      },
      {
        "ticker": "ONON",
        "action": "Long",
        "allocation_usd": 10000,
        "sl_factor": 0.6,
        "z_score": 0.11,
        "prev_return_pct": null,
        "vol_ratio": 0.71,
        "ticker_group": "SMALL"
      }
    ],
    "M": [
      {
        "ticker": "CSXXY",
        "action": "Long",
        "allocation_usd": 10000,
        "sl_factor": 0.4,
        "z_score": null,
        "prev_return_pct": 8.7,
        "vol_ratio": 6.1,
        "ticker_group": "SMALL"
      },
      {
        "ticker": "NJDCY",
        "action": "Long",
        "allocation_usd": 10000,
        "sl_factor": 0.4,
        "z_score": null,
        "prev_return_pct": 8.7,
        "vol_ratio": 0.5,
        "ticker_group": "SMALL"
      },
      {
        "ticker": "COHR",
        "action": "Long",
        "allocation_usd": 10000,
        "sl_factor": 0.6,
        "z_score": null,
        "prev_return_pct": 6.97,
        "vol_ratio": 0.7,
        "ticker_group": "SMALL"
      }
    ]
  },
  "equity": {
    "A": [
      {
        "date": "2026-02-04",
        "equity": 10223.69
      },
      {
        "date": "2026-02-05",
        "equity": 10148.22
      },
      {
        "date": "2026-02-06",
        "equity": 10481.13
      },
      {
        "date": "2026-02-09",
        "equity": 10206.79
      },
      {
        "date": "2026-02-10",
        "equity": 9947.81
      },
      {
        "date": "2026-02-11",
        "equity": 10129.36
      },
      {
        "date": "2026-02-12",
        "equity": 9833.96
      },
      {
        "date": "2026-02-13",
        "equity": 9862.44
      },
      {
        "date": "2026-02-17",
        "equity": 10023.26
      },
      {
        "date": "2026-02-18",
        "equity": 9442.02
      },
      {
        "date": "2026-02-19",
        "equity": 9461.53
      },
      {
        "date": "2026-02-20",
        "equity": 9657.58
      }
    ],
    "B": [
      {
        "date": "2026-02-04",
        "equity": 9854.95
      },
      {
        "date": "2026-02-05",
        "equity": 9611.16
      },
      {
        "date": "2026-02-06",
        "equity": 9423.96
      },
      {
        "date": "2026-02-09",
        "equity": 9525.54
      },
      {
        "date": "2026-02-10",
        "equity": 9354.22
      },
      {
        "date": "2026-02-11",
        "equity": 9347.5
      },
      {
        "date": "2026-02-12",
        "equity": 9096.96
      },
      {
        "date": "2026-02-13",
        "equity": 8855.1
      },
      {
        "date": "2026-02-17",
        "equity": 8128.57
      },
      {
        "date": "2026-02-18",
        "equity": 8200.89
      },
      {
        "date": "2026-02-19",
        "equity": 8356.1
      },
      {
        "date": "2026-02-20",
        "equity": 8392.3
      }
    ],
    "V": [
      {
        "date": "2026-02-04",
        "equity": 9799.16
      },
      {
        "date": "2026-02-05",
        "equity": 9920.44
      },
      {
        "date": "2026-02-06",
        "equity": 10105.91
      },
      {
        "date": "2026-02-09",
        "equity": 10444.34
      },
      {
        "date": "2026-02-10",
        "equity": 10297.56
      },
      {
        "date": "2026-02-11",
        "equity": 10242.95
      },
      {
        "date": "2026-02-12",
        "equity": 9625.03
      },
      {
        "date": "2026-02-13",
        "equity": 11276.72
      },
      {
        "date": "2026-02-17",
        "equity": 11398.8
      },
      {
        "date": "2026-02-18",
        "equity": 11170.92
      },
      {
        "date": "2026-02-19",
        "equity": 12365.38
      },
      {
        "date": "2026-02-20",
        "equity": 12608.1
      }
    ],
    "M": [
      {
        "date": "2026-02-04",
        "equity": 11024.63
      },
      {
        "date": "2026-02-05",
        "equity": 14892.66
      },
      {
        "date": "2026-02-06",
        "equity": 15431.03
      },
      {
        "date": "2026-02-09",
        "equity": 16065.03
      },
      {
        "date": "2026-02-10",
        "equity": 17024.88
      },
      {
        "date": "2026-02-11",