{
  "timestamp": "2026-02-25T23:26:29.176893",
  "strategies": {
    "A": {
      "name": "Mean Reversion",
      "metrics": {
        "total_profit": -896.4900000000002,
        "total_return_pct": -8.964900000000002,
        "num_trades": 48,
        "win_rate": 54.166666666666664,
        "avg_win": 77.21961538461538,
        "avg_loss": -132.00909090909093,
        "sharpe_ratio": -2.1317506328190987,
        "max_drawdown_pct": 15.410412237223422,
        "profit_factor": 0.5849567999660967
      }
    },
    "B": {
      "name": "Volume Breakout",
      "metrics": {
        "total_profit": -2717.07,
        "total_return_pct": -27.170700000000004,
        "num_trades": 48,
        "win_rate": 31.25,
        "avg_win": 137.8493333333333,
        "avg_loss": -144.9942424242424,
        "sharpe_ratio": -5.188972254763025,
        "max_drawdown_pct": 26.954118962724493,
        "profit_factor": 0.9507228082201801
      }
    },
    "V": {
      "name": "Trend Breakout",
      "metrics": {
        "total_profit": 3292.4800000000005,
        "total_return_pct": 32.924800000000005,
        "num_trades": 47,
        "win_rate": 57.446808510638306,
        "avg_win": 204.88777777777779,
        "avg_loss": -111.9745,
        "sharpe_ratio": 4.161899862163205,
        "max_drawdown_pct": 7.8445358921674275,
        "profit_factor": 1.8297717585501858
      }
    },
    "M": {
      "name": "Momentum",
      "metrics": {
        "total_profit": 8934.769999999999,
        "total_return_pct": 89.34769999999999,
        "num_trades": 39,
        "win_rate": 51.28205128205128,
        "avg_win": 615.5894999999998,
        "avg_loss": -177.7378947368421,
        "sharpe_ratio": 6.963734176637428,
        "max_drawdown_pct": 5.8077942399593825,
        "profit_factor": 3.4634679391889884
      }
    }
  },
  "signals": {
    "A": [
      {
        "ticker": "CFRUY",
        "action": "Long",
        "allocation_usd": 10000,
        "sl_factor": 3.2,
        "z_score": 0.14,
        "prev_return_pct": null,
        "vol_ratio": 1.61,
        "ticker_group": "BIG + ETF"
      },
      {
        "ticker": "AMGN",
        "action": "Long",
        "allocation_usd": 10000,
        "sl_factor": 1.6,
        "z_score": 0.1,
        "prev_return_pct": null,
        "vol_ratio": 0.81,
        "ticker_group": "BIG + ETF"
      },
      {
        "ticker": "MO",
        "action": "Long",
        "allocation_usd": 10000,
        "sl_factor": 0.4,
        "z_score": 0.08,
        "prev_return_pct": null,
        "vol_ratio": 0.66,
        "ticker_group": "BIG + ETF"
      }
    ],
    "B": [
      {
        "ticker": "RELX",
        "action": "Long",
        "allocation_usd": 10000,
        "sl_factor": 0.4,
        "z_score": 0.18,
        "prev_return_pct": null,
        "vol_ratio": 1.81,
        "ticker_group": "BIG + ETF"
      },
      {
        "ticker": "CFRUY",
        "action": "Long",
        "allocation_usd": 10000,
        "sl_factor": 3.2,
        "z_score": 0.14,
        "prev_return_pct": null,
        "vol_ratio": 1.61,
        "ticker_group": "BIG + ETF"
      },
      {
        "ticker": "AMX",
        "action": "Long",
        "allocation_usd": 10000,
        "sl_factor": 0.4,
        "z_score": 0.12,
        "prev_return_pct": null,
        "vol_ratio": 2.34,
        "ticker_group": "BIG + ETF"
      }
    ],
    "V": [
      {
        "ticker": "NPXYY",
        "action": "Long",
        "allocation_usd": 10000,
        "sl_factor": 1.6,
        "z_score": 0.36,
        "prev_return_pct": null,
        "vol_ratio": 0.72,
        "ticker_group": "SMALL"
      },
      {
        "ticker": "UUGRY",
        "action": "Long",
        "allocation_usd": 10000,
        "sl_factor": 3.2,
        "z_score": 0.2,
        "prev_return_pct": null,
        "vol_ratio": 2.31,
        "ticker_group": "SMALL"
      },
      {
        "ticker": "RDEIY",
        "action": "Long",
        "allocation_usd": 10000,
        "sl_factor": 3.2,
        "z_score": 0.19,
        "prev_return_pct": null,
        "vol_ratio": 0.52,
        "ticker_group": "SMALL"
      }
    ],
    "M": [
      {
        "ticker": "UTHR",
        "action": "Long",
        "allocation_usd": 10000,
        "sl_factor": 3.2,
        "z_score": null,
        "prev_return_pct": 11.54,
        "vol_ratio": 1.18,
        "ticker_group": "SMALL"
      },
      {
        "ticker": "CAVA",
        "action": "Long",
        "allocation_usd": 10000,
        "sl_factor": 1.6,
        "z_score": null,
        "prev_return_pct": 9.06,
        "vol_ratio": 1.48,
        "ticker_group": "SMALL"
      },
      {
        "ticker": "LINE",
        "action": "Long",
        "allocation_usd": 10000,
        "sl_factor": 1.6,
        "z_score": null,
        "prev_return_pct": 8.5,
        "vol_ratio": 1.18,
        "ticker_group": "SMALL"
      }
    ]
  },
  "equity": {
    "A": [
      {
        "date": "2026-02-04",
        "equity": 10223.69
      },
      {
        "date": "2026-02-05",
        "equity": 10148.22
      },
      {
        "date": "2026-02-06",
        "equity": 10481.13
      },
      {
        "date": "2026-02-09",
        "equity": 10206.79
      },
      {
        "date": "2026-02-10",
        "equity": 9947.81
      },
      {
        "date": "2026-02-11",
        "equity": 10129.36
      },
      {
        "date": "2026-02-12",
        "equity": 9833.96
      },
      {
        "date": "2026-02-13",
        "equity": 9862.44
      },
      {
        "date": "2026-02-17",
        "equity": 10023.26
      },
      {
        "date": "2026-02-18",
        "equity": 8885.83
      },
      {
        "date": "2026-02-19",
        "equity": 8905.34
      },
      {
        "date": "2026-02-20",
        "equity": 9101.39
      },
      {
        "date": "2026-02-23",
        "equity": 8935.57
      },
      {
        "date": "2026-02-24",
        "equity": 8940.88
      },
      {
        "date": "2026-02-25",
        "equity": 9103.51
      }
    ],
    "B": [
      {
        "date": "2026-02-04",
        "equity": 9854.95
      },
      {
        "date": "2026-02-05",
        "equity": 9611.16
      },
      {
        "date": "2026-02-06",
        "equity": 9423.96
      },
      {
        "date": "2026-02-09",
        "equity": 9525.54
      },
      {
        "date": "2026-02-10",
        "equity": 9354.22
      },
      {
        "date": "2026-02-11",
        "equity": 9347.5
      },
      {
        "date": "2026-02-12",
        "equity": 9096.96
      },
      {
        "date": "2026-02-13",
        "equity": 8855.1
      },
      {
        "date": "2026-02-17",
        "equity": 8128.57
      },
      {
        "date": "2026-02-18",
        "equity": 8200.89
      },
      {
        "date": "2026-02-19",
        "equity": 8356.1
      },
      {
        "date": "2026-02-20",
        "equity": 8392.3
      },
      {
        "date": "2026-02-23",
        "equity": 8133.6
      },
      {
        "date": "2026-02-24",
        "equity": 7586.51
      },
      {
        "date": "2026-02-25",
        "equity": 7282.93
      }
    ],
    "V": [
      {
        "date": "2026-02-04",
        "equity": 9799.16
      },
      {
        "date": "2026-02-05",
        "equity": 9920.44
      },
      {
        "date": "2026-02-06",
        "equity": 10105.91
      },
      {
        "date": "2026-02-09",
        "equity": 10444.34
      },
      {
        "date": "2026-02-10",
        "equity": 10297.56
      },
      {
        "date": "2026-02-11",
        "equity": 10242.95
      },
      {
        "date": "2026-02-12",
        "equity": 9625.03
      },
      {
        "date": "2026-02-13",
        "equity": 11276.72
      },
      {
        "date": "2026-02-17",
        "equity": 11398.8
      },
      {
        "date": "2026-02-18",
        "equity": 11170.92
      },
      {
        "date": "2026-02-19",
        "equity": 12365.38
      },
      {
        "date": "2026-02-20",