{
  "timestamp": "2026-02-10T23:37:01.186218",
  "strategies": {
    "A": {
      "name": "Mean Reversion",
      "metrics": {
        "total_profit": -52.19,
        "total_return_pct": -0.5218999999999999,
        "num_trades": 15,
        "win_rate": 53.333333333333336,
        "avg_win": 98.17375,
        "avg_loss": -119.65428571428573,
        "sharpe_ratio": -0.4604896420548591,
        "max_drawdown_pct": 5.2946518850725655,
        "profit_factor": 0.8204783423672961
      }
    },
    "B": {
      "name": "Volume Breakout",
      "metrics": {
        "total_profit": -645.78,
        "total_return_pct": -6.4578,
        "num_trades": 15,
        "win_rate": 33.33333333333333,
        "avg_win": 75.33,
        "avg_loss": -102.243,
        "sharpe_ratio": -6.609434633825107,
        "max_drawdown_pct": 6.999252784506065,
        "profit_factor": 0.7367741556879199
      }
    },
    "V": {
      "name": "Trend Breakout",
      "metrics": {
        "total_profit": 297.56000000000006,
        "total_return_pct": 2.9756000000000005,
        "num_trades": 15,
        "win_rate": 53.333333333333336,
        "avg_win": 88.8575,
        "avg_loss": -59.04285714285714,
        "sharpe_ratio": 3.430126648479495,
        "max_drawdown_pct": 2.64572914582917,
        "profit_factor": 1.5049661263005083
      }
    },
    "M": {
      "name": "Momentum",
      "metrics": {
        "total_profit": 7024.879999999999,
        "total_return_pct": 70.24879999999999,
        "num_trades": 12,
        "win_rate": 75.0,
        "avg_win": 824.25,
        "avg_loss": -131.12333333333333,
        "sharpe_ratio": 16.47705144514239,
        "max_drawdown_pct": 2.2631016361634213,
        "profit_factor": 6.28606655311793
      }
    }
  },
  "signals": {
    "A": [
      {
        "ticker": "GEV",
        "action": "Long",
        "allocation_usd": 10000,
        "sl_factor": 3.2,
        "z_score": 0.27,
        "prev_return_pct": null,
        "vol_ratio": 0.88,
        "ticker_group": "BIG + ETF"
      },
      {
        "ticker": "SMFG",
        "action": "Long",
        "allocation_usd": 10000,
        "sl_factor": 0.8,
        "z_score": 0.16,
        "prev_return_pct": null,
        "vol_ratio": 1.11,
        "ticker_group": "BIG + ETF"
      },
      {
        "ticker": "CARR",
        "action": "Long",
        "allocation_usd": 10000,
        "sl_factor": 0.4,
        "z_score": 0.14,
        "prev_return_pct": null,
        "vol_ratio": 0.87,
        "ticker_group": "BIG + ETF"
      }
    ],
    "B": [
      {
        "ticker": "KKR",
        "action": "Long",
        "allocation_usd": 10000,
        "sl_factor": 0.6,
        "z_score": 0.12,
        "prev_return_pct": null,
        "vol_ratio": 1.61,
        "ticker_group": "BIG + ETF"
      },
      {
        "ticker": "APO",
        "action": "Short",
        "allocation_usd": 10000,
        "sl_factor": 0.4,
        "z_score": 0.12,
        "prev_return_pct": null,
        "vol_ratio": 1.52,
        "ticker_group": "BIG + ETF"
      },
      {
        "ticker": "PANW",
        "action": "Long",
        "allocation_usd": 10000,
        "sl_factor": 0.6,
        "z_score": 0.12,
        "prev_return_pct": null,
        "vol_ratio": 2.62,
        "ticker_group": "BIG + ETF"
      }
    ],
    "V": [
      {
        "ticker": "RSHGY",
        "action": "Long",
        "allocation_usd": 10000,
        "sl_factor": 1.6,
        "z_score": 0.34,
        "prev_return_pct": null,
        "vol_ratio": 1.15,
        "ticker_group": "SMALL"
      },
      {
        "ticker": "AS",
        "action": "Long",
        "allocation_usd": 10000,
        "sl_factor": 1.6,
        "z_score": 0.22,
        "prev_return_pct": null,
        "vol_ratio": 2.03,
        "ticker_group": "SMALL"
      },
      {
        "ticker": "NCLTY",
        "action": "Long",
        "allocation_usd": 10000,
        "sl_factor": 3.2,
        "z_score": 0.21,
        "prev_return_pct": null,
        "vol_ratio": 0.59,
        "ticker_group": "SMALL"
      }
    ],
    "M": [
      {
        "ticker": "GTM",
        "action": "Long",
        "allocation_usd": 10000,
        "sl_factor": 0.4,
        "z_score": null,
        "prev_return_pct": 9.68,
        "vol_ratio": 2.44,
        "ticker_group": "SMALL"
      },
      {
        "ticker": "ARMK",
        "action": "Long",
        "allocation_usd": 10000,
        "sl_factor": 0.6,
        "z_score": null,
        "prev_return_pct": 6.92,
        "vol_ratio": 2.44,
        "ticker_group": "SMALL"
      },
      {
        "ticker": "KVYO",
        "action": "Long",
        "allocation_usd": 10000,
        "sl_factor": 3.2,
        "z_score": null,
        "prev_return_pct": 6.29,
        "vol_ratio": 1.64,
        "ticker_group": "SMALL"
      }
    ]
  },
  "equity": {
    "A": [
      {
        "date": "2026-02-04",
        "equity": 10223.69
      },
      {
        "date": "2026-02-05",
        "equity": 10148.22
      },
      {
        "date": "2026-02-06",
        "equity": 10481.13
      },
      {
        "date": "2026-02-09",
        "equity": 10206.79
      },
      {
        "date": "2026-02-10",
        "equity": 9947.81
      }
    ],
    "B": [
      {
        "date": "2026-02-04",
        "equity": 9854.95
      },
      {
        "date": "2026-02-05",
        "equity": 9611.16
      },
      {
        "date": "2026-02-06",
        "equity": 9423.96
      },
      {
        "date": "2026-02-09",
        "equity": 9525.54
      },
      {
        "date": "2026-02-10",
        "equity": 9354.22
      }
    ],
    "V": [
      {
        "date": "2026-02-04",
        "equity": 9799.16
      },
      {
        "date": "2026-02-05",
        "equity": 9920.44
      },
      {
        "date": "2026-02-06",
        "equity": 10105.91
      },
      {
        "date": "2026-02-09",
        "equity": 10444.34
      },
      {
        "date": "2026-02-10",
        "equity": 10297.56
      }
    ],
    "M": [
      {
        "date": "2026-02-04",
        "equity": 11024.63
      },
      {
        "date": "2026-02-05",
        "equity": 14892.66
      },
      {
        "date": "2026-02-06",
        "equity": 15431.03
      },
      {
        "date": "2026-02-09",
        "equity": 16065.03
      },
      {
        "date": "2026-02-10",
        "equity": 17024.88
      }
    ]
  }
}