{
  "timestamp": "2026-03-23T23:28:48.594445",
  "strategies": {
    "A": {
      "name": "Mean Reversion",
      "metrics": {
        "total_profit": -594.1500000000003,
        "total_return_pct": -5.941500000000003,
        "num_trades": 102,
        "win_rate": 55.88235294117647,
        "avg_win": 103.14614035087719,
        "avg_loss": -143.8551111111111,
        "sharpe_ratio": -0.5879761330569014,
        "max_drawdown_pct": 17.523062752414923,
        "profit_factor": 0.717014081419804
      }
    },
    "B": {
      "name": "Volume Breakout",
      "metrics": {
        "total_profit": -4859.990000000001,
        "total_return_pct": -48.599900000000005,
        "num_trades": 102,
        "win_rate": 34.31372549019608,
        "avg_win": 125.83285714285716,
        "avg_loss": -138.2707462686567,
        "sharpe_ratio": -4.623269819661263,
        "max_drawdown_pct": 52.93745956761799,
        "profit_factor": 0.910046850389937
      }
    },
    "V": {
      "name": "Trend Breakout",
      "metrics": {
        "total_profit": 1744.4199999999998,
        "total_return_pct": 17.4442,
        "num_trades": 101,
        "win_rate": 55.44554455445545,
        "avg_win": 152.1119642857143,
        "avg_loss": -150.53,
        "sharpe_ratio": 1.1978901025146576,
        "max_drawdown_pct": 20.69558527368588,
        "profit_factor": 1.0105092957265283
      }
    },
    "M": {
      "name": "Momentum",
      "metrics": {
        "total_profit": 4010.4599999999996,
        "total_return_pct": 40.1046,
        "num_trades": 87,
        "win_rate": 42.5287356321839,
        "avg_win": 446.5083783783783,
        "avg_loss": -250.207,
        "sharpe_ratio": 1.6023957084255223,
        "max_drawdown_pct": 26.87866650101721,
        "profit_factor": 1.7845559012272971
      }
    }
  },
  "signals": {
    "A": [
      {
        "ticker": "ARM",
        "action": "Long",
        "allocation_usd": 10000,
        "sl_factor": 0.6,
        "z_score": 0.12,
        "prev_return_pct": null,
        "vol_ratio": 2.9,
        "ticker_group": "BIG + ETF"
      },
      {
        "ticker": "DELL",
        "action": "Long",
        "allocation_usd": 10000,
        "sl_factor": 3.2,
        "z_score": 0.11,
        "prev_return_pct": null,
        "vol_ratio": 2.27,
        "ticker_group": "BIG + ETF"
      },
      {
        "ticker": "PTCAY",
        "action": "Long",
        "allocation_usd": 10000,
        "sl_factor": 0.4,
        "z_score": 0.0,
        "prev_return_pct": null,
        "vol_ratio": 1.0,
        "ticker_group": "BIG + ETF"
      }
    ],
    "B": [
      {
        "ticker": "MGCLY",
        "action": "Short",
        "allocation_usd": 10000,
        "sl_factor": 3.2,
        "z_score": 0.31,
        "prev_return_pct": null,
        "vol_ratio": 5.09,
        "ticker_group": "BIG + ETF"
      },
      {
        "ticker": "ORLY",
        "action": "Short",
        "allocation_usd": 10000,
        "sl_factor": 3.2,
        "z_score": 0.2,
        "prev_return_pct": null,
        "vol_ratio": 1.67,
        "ticker_group": "BIG + ETF"
      },
      {
        "ticker": "^GSPC",
        "action": "Short",
        "allocation_usd": 10000,
        "sl_factor": 3.2,
        "z_score": 0.19,
        "prev_return_pct": null,
        "vol_ratio": 1.68,
        "ticker_group": "BIG + ETF"
      }
    ],
    "V": [
      {
        "ticker": "FFIV",
        "action": "Long",
        "allocation_usd": 10000,
        "sl_factor": 3.2,
        "z_score": 0.04,
        "prev_return_pct": null,
        "vol_ratio": 3.63,
        "ticker_group": "SMALL"
      },
      {
        "ticker": "YPF",
        "action": "Long",
        "allocation_usd": 10000,
        "sl_factor": 0.8,
        "z_score": 0.03,
        "prev_return_pct": null,
        "vol_ratio": 2.43,
        "ticker_group": "SMALL"
      },
      {
        "ticker": "PR",
        "action": "Long",
        "allocation_usd": 10000,
        "sl_factor": 0.6,
        "z_score": 0.01,
        "prev_return_pct": null,
        "vol_ratio": 2.06,
        "ticker_group": "SMALL"
      }
    ],
    "M": [
      {
        "ticker": "AGI",
        "action": "Long",
        "allocation_usd": 10000,
        "sl_factor": 1.6,
        "z_score": null,
        "prev_return_pct": 6.19,
        "vol_ratio": 2.16,
        "ticker_group": "SMALL"
      },
      {
        "ticker": "PUGBY",
        "action": "Long",
        "allocation_usd": 10000,
        "sl_factor": 3.2,
        "z_score": null,
        "prev_return_pct": 5.63,
        "vol_ratio": 0.16,
        "ticker_group": "SMALL"
      },
      {
        "ticker": "FN",
        "action": "Long",
        "allocation_usd": 10000,
        "sl_factor": 1.6,
        "z_score": null,
        "prev_return_pct": 5.35,
        "vol_ratio": 1.53,
        "ticker_group": "SMALL"
      }
    ]
  },
  "equity": {
    "A": [
      {
        "date": "2026-02-04",
        "equity": 10223.69
      },
      {
        "date": "2026-02-05",
        "equity": 10148.22
      },
      {
        "date": "2026-02-06",
        "equity": 10481.13
      },
      {
        "date": "2026-02-09",
        "equity": 10206.79
      },
      {
        "date": "2026-02-10",
        "equity": 9947.81
      },
      {
        "date": "2026-02-11",
        "equity": 10129.36
      },
      {
        "date": "2026-02-12",
        "equity": 9833.96
      },
      {
        "date": "2026-02-13",
        "equity": 9862.44
      },
      {
        "date": "2026-02-17",
        "equity": 10023.26
      },
      {
        "date": "2026-02-18",
        "equity": 8885.83
      },
      {
        "date": "2026-02-19",
        "equity": 8905.34
      },
      {
        "date": "2026-02-20",
        "equity": 9101.39
      },
      {
        "date": "2026-02-23",
        "equity": 8935.57
      },
      {
        "date": "2026-02-24",
        "equity": 8940.88
      },
      {
        "date": "2026-02-25",
        "equity": 9103.51
      },
      {
        "date": "2026-02-26",
        "equity": 8896.61
      },
      {
        "date": "2026-02-27",
        "equity": 8690.43
      },
      {
        "date": "2026-03-02",
        "equity": 9064.54
      },
      {
        "date": "2026-03-03",
        "equity": 9468.01
      },
      {
        "date": "2026-03-04",
        "equity": 9731.01
      },
      {
        "date": "2026-03-05",
        "equity": 9631.89
      },
      {
        "date": "2026-03-06",
        "equity": 10116.57
      },
      {
        "date": "2026-03-09",
        "equity": 10532.5
      },
      {
        "date": "2026-03-10",
        "equity": 10138.75
      },
      {
        "date": "2026-03-11",
        "equity": 10149.56
      },
      {
        "date": "2026-03-12",
        "equity": 10044.67
      },
      {
        "date": "2026-03-13",
        "equity": 9790.81
      },
      {
        "date": "2026-03-16",
        "equity": 9887.58
      },
      {
        "date": "2026-03-17",
        "equity": 9687.28
      },
      {
        "date": "2026-03-18",
        "equity": 9263.39
      },
      {
        "date": "2026-03-19",
        "equity": 9399.11
      },
      {
        "date": "2026-03-20",
        "equity": 8730.39
      },
      {
        "date": "2026-03-23",
        "equity": 9405.85
      }
    ],
    "B": [
      {
        "date": "2026-02-04",
        "equity": 9854.95
      },
      {
        "date": "2026-02-05",
        "equity": 9611.16
      },
      {
        "date": "2026-02-06",
        "equity": 9423.96
      },
      {
        "date": "2026-02-09",
        "equity": 9525.54
      },
      {
        "date": "2026-02-10",
        "equity": 9354.22
      },
      {
        "date": "2026-02-11",
        "equity": 9347.5
      },
      {
        "date": "2026-02-12",
        "equity": 9096.96
      },
      {
        "date": "2026-02-13",
        "equity": 8855.1
      },
      {
        "date": "2026-02-17",