{
  "timestamp": "2026-03-03T23:23:13.084382",
  "strategies": {
    "A": {
      "name": "Mean Reversion",
      "metrics": {
        "total_profit": -531.9900000000002,
        "total_return_pct": -5.319900000000002,
        "num_trades": 60,
        "win_rate": 56.666666666666664,
        "avg_win": 86.23852941176472,
        "avg_loss": -133.2346153846154,
        "sharpe_ratio": -0.9831268898548783,
        "max_drawdown_pct": 17.18060120668278,
        "profit_factor": 0.6472681980040652
      }
    },
    "B": {
      "name": "Volume Breakout",
      "metrics": {
        "total_profit": -4407.07,
        "total_return_pct": -44.070699999999995,
        "num_trades": 60,
        "win_rate": 28.333333333333332,
        "avg_win": 125.28294117647059,
        "avg_loss": -152.02046511627904,
        "sharpe_ratio": -6.826382661349875,
        "max_drawdown_pct": 43.9043764762521,
        "profit_factor": 0.8241189176775826
      }
    },
    "V": {
      "name": "Trend Breakout",
      "metrics": {
        "total_profit": 3739.140000000001,
        "total_return_pct": 37.391400000000004,
        "num_trades": 59,
        "win_rate": 59.32203389830508,
        "avg_win": 176.17571428571426,
        "avg_loss": -101.12541666666668,
        "sharpe_ratio": 4.127416448025674,
        "max_drawdown_pct": 7.8445358921674275,
        "profit_factor": 1.7421506886486424
      }
    },
    "M": {
      "name": "Momentum",
      "metrics": {
        "total_profit": 8852.53,
        "total_return_pct": 88.5253,
        "num_trades": 49,
        "win_rate": 48.97959183673469,
        "avg_win": 566.84875,
        "avg_loss": -190.07360000000006,
        "sharpe_ratio": 5.772968695111575,
        "max_drawdown_pct": 5.8077942399593825,
        "profit_factor": 2.982259240630997
      }
    }
  },
  "signals": {
    "A": [
      {
        "ticker": "GEV",
        "action": "Long",
        "allocation_usd": 10000,
        "sl_factor": 3.2,
        "z_score": 0.27,
        "prev_return_pct": null,
        "vol_ratio": 0.9,
        "ticker_group": "BIG + ETF"
      },
      {
        "ticker": "BAESY",
        "action": "Long",
        "allocation_usd": 10000,
        "sl_factor": 0.6,
        "z_score": 0.15,
        "prev_return_pct": null,
        "vol_ratio": 1.42,
        "ticker_group": "BIG + ETF"
      },
      {
        "ticker": "CNQ",
        "action": "Long",
        "allocation_usd": 10000,
        "sl_factor": 0.6,
        "z_score": 0.11,
        "prev_return_pct": null,
        "vol_ratio": 1.84,
        "ticker_group": "BIG + ETF"
      }
    ],
    "B": [
      {
        "ticker": "CFRUY",
        "action": "Long",
        "allocation_usd": 10000,
        "sl_factor": 3.2,
        "z_score": 0.14,
        "prev_return_pct": null,
        "vol_ratio": 2.22,
        "ticker_group": "BIG + ETF"
      },
      {
        "ticker": "MUFG",
        "action": "Long",
        "allocation_usd": 10000,
        "sl_factor": 3.2,
        "z_score": 0.13,
        "prev_return_pct": null,
        "vol_ratio": 1.62,
        "ticker_group": "BIG + ETF"
      },
      {
        "ticker": "TEL",
        "action": "Short",
        "allocation_usd": 10000,
        "sl_factor": 3.2,
        "z_score": 0.09,
        "prev_return_pct": null,
        "vol_ratio": 2.01,
        "ticker_group": "BIG + ETF"
      }
    ],
    "V": [
      {
        "ticker": "ULS",
        "action": "Long",
        "allocation_usd": 10000,
        "sl_factor": 0.8,
        "z_score": 0.17,
        "prev_return_pct": null,
        "vol_ratio": 0.43,
        "ticker_group": "SMALL"
      },
      {
        "ticker": "BZLFY",
        "action": "Long",
        "allocation_usd": 10000,
        "sl_factor": 3.2,
        "z_score": 0.13,
        "prev_return_pct": null,
        "vol_ratio": 1.47,
        "ticker_group": "SMALL"
      },
      {
        "ticker": "BSY",
        "action": "Long",
        "allocation_usd": 10000,
        "sl_factor": 1.6,
        "z_score": 0.11,
        "prev_return_pct": null,
        "vol_ratio": 0.95,
        "ticker_group": "SMALL"
      }
    ],
    "M": [
      {
        "ticker": "U",
        "action": "Long",
        "allocation_usd": 10000,
        "sl_factor": 0.4,
        "z_score": null,
        "prev_return_pct": 9.7,
        "vol_ratio": 0.82,
        "ticker_group": "SMALL"
      },
      {
        "ticker": "NICE",
        "action": "Long",
        "allocation_usd": 10000,
        "sl_factor": 0.4,
        "z_score": null,
        "prev_return_pct": 8.44,
        "vol_ratio": 0.37,
        "ticker_group": "SMALL"
      },
      {
        "ticker": "MANH",
        "action": "Long",
        "allocation_usd": 10000,
        "sl_factor": 3.2,
        "z_score": null,
        "prev_return_pct": 8.35,
        "vol_ratio": 0.78,
        "ticker_group": "SMALL"
      }
    ]
  },
  "equity": {
    "A": [
      {
        "date": "2026-02-04",
        "equity": 10223.69
      },
      {
        "date": "2026-02-05",
        "equity": 10148.22
      },
      {
        "date": "2026-02-06",
        "equity": 10481.13
      },
      {
        "date": "2026-02-09",
        "equity": 10206.79
      },
      {
        "date": "2026-02-10",
        "equity": 9947.81
      },
      {
        "date": "2026-02-11",
        "equity": 10129.36
      },
      {
        "date": "2026-02-12",
        "equity": 9833.96
      },
      {
        "date": "2026-02-13",
        "equity": 9862.44
      },
      {
        "date": "2026-02-17",
        "equity": 10023.26
      },
      {
        "date": "2026-02-18",
        "equity": 8885.83
      },
      {
        "date": "2026-02-19",
        "equity": 8905.34
      },
      {
        "date": "2026-02-20",
        "equity": 9101.39
      },
      {
        "date": "2026-02-23",
        "equity": 8935.57
      },
      {
        "date": "2026-02-24",
        "equity": 8940.88
      },
      {
        "date": "2026-02-25",
        "equity": 9103.51
      },
      {
        "date": "2026-02-26",
        "equity": 8896.61
      },
      {
        "date": "2026-02-27",
        "equity": 8690.43
      },
      {
        "date": "2026-03-02",
        "equity": 9064.54
      },
      {
        "date": "2026-03-03",
        "equity": 9468.01
      }
    ],
    "B": [
      {
        "date": "2026-02-04",
        "equity": 9854.95
      },
      {
        "date": "2026-02-05",
        "equity": 9611.16
      },
      {
        "date": "2026-02-06",
        "equity": 9423.96
      },
      {
        "date": "2026-02-09",
        "equity": 9525.54
      },
      {
        "date": "2026-02-10",
        "equity": 9354.22
      },
      {
        "date": "2026-02-11",
        "equity": 9347.5
      },
      {
        "date": "2026-02-12",
        "equity": 9096.96
      },
      {
        "date": "2026-02-13",
        "equity": 8855.1
      },
      {
        "date": "2026-02-17",
        "equity": 8128.57
      },
      {
        "date": "2026-02-18",
        "equity": 8200.89
      },
      {
        "date": "2026-02-19",
        "equity": 8356.1
      },
      {
        "date": "2026-02-20",
        "equity": 8392.3
      },
      {
        "date": "2026-02-23",
        "equity": 8133.6
      },
      {
        "date": "2026-02-24",
        "equity": 7586.51
      },
      {
        "date": "2026-02-25",
        "equity": 7282.93
      },
      {
        "date": "2026-02-26",
        "equity": 7167.01
      },
      {
        "date": "2026-02-27",
        "equity": 6795.32
      },
      {
        "date": "2026-03-02",
        "equity": 6350.91
      },
      {
        "date": "2026-03-03",
        "equity": 5592.93
      }
    ],
    "V": [
      {
        "date": "2026-02-04",
        "equity": 9799.16
      },
      {
        "date": "2026-02-05",
        "equity": 9920.44
      },
      {
        "date": "2026-02-06",
        "equity": 10105.91
      },
      {
        "date": "2026-02-09",