{
  "timestamp": "2026-03-04T23:27:09.502457",
  "strategies": {
    "A": {
      "name": "Mean Reversion",
      "metrics": {
        "total_profit": -268.99000000000024,
        "total_return_pct": -2.6899000000000024,
        "num_trades": 63,
        "win_rate": 57.14285714285714,
        "avg_win": 91.6563888888889,
        "avg_loss": -132.17111111111112,
        "sharpe_ratio": -0.46938356327420444,
        "max_drawdown_pct": 17.18060120668278,
        "profit_factor": 0.6934676429544194
      }
    },
    "B": {
      "name": "Volume Breakout",
      "metrics": {
        "total_profit": -4216.03,
        "total_return_pct": -42.16029999999999,
        "num_trades": 63,
        "win_rate": 30.158730158730158,
        "avg_win": 127.6363157894737,
        "avg_loss": -150.93454545454543,
        "sharpe_ratio": -6.201138147017134,
        "max_drawdown_pct": 43.9043764762521,
        "profit_factor": 0.8456401773702092
      }
    },
    "V": {
      "name": "Trend Breakout",
      "metrics": {
        "total_profit": 3715.120000000001,
        "total_return_pct": 37.1512,
        "num_trades": 62,
        "win_rate": 59.67741935483871,
        "avg_win": 170.17810810810812,
        "avg_loss": -103.25880000000001,
        "sharpe_ratio": 3.974029980606338,
        "max_drawdown_pct": 7.8445358921674275,
        "profit_factor": 1.6480736567547571
      }
    },
    "M": {
      "name": "Momentum",
      "metrics": {
        "total_profit": 8638.57,
        "total_return_pct": 86.3857,
        "num_trades": 52,
        "win_rate": 48.07692307692308,
        "avg_win": 553.1308,
        "avg_loss": -192.21111111111114,
        "sharpe_ratio": 5.398624910229021,
        "max_drawdown_pct": 5.8077942399593825,
        "profit_factor": 2.8777254176541995
      }
    }
  },
  "signals": {
    "A": [
      {
        "ticker": "AXON",
        "action": "Long",
        "allocation_usd": 10000,
        "sl_factor": 1.6,
        "z_score": 0.08,
        "prev_return_pct": null,
        "vol_ratio": 0.82,
        "ticker_group": "BIG + ETF"
      },
      {
        "ticker": "DUK",
        "action": "Long",
        "allocation_usd": 10000,
        "sl_factor": 3.2,
        "z_score": 0.07,
        "prev_return_pct": null,
        "vol_ratio": 0.74,
        "ticker_group": "BIG + ETF"
      },
      {
        "ticker": "PWR",
        "action": "Long",
        "allocation_usd": 10000,
        "sl_factor": 1.6,
        "z_score": 0.05,
        "prev_return_pct": null,
        "vol_ratio": 0.86,
        "ticker_group": "BIG + ETF"
      }
    ],
    "B": [
      {
        "ticker": "TGT",
        "action": "Long",
        "allocation_usd": 10000,
        "sl_factor": 0.4,
        "z_score": 0.14,
        "prev_return_pct": null,
        "vol_ratio": 2.34,
        "ticker_group": "BIG + ETF"
      },
      {
        "ticker": "MUFG",
        "action": "Long",
        "allocation_usd": 10000,
        "sl_factor": 3.2,
        "z_score": 0.13,
        "prev_return_pct": null,
        "vol_ratio": 1.66,
        "ticker_group": "BIG + ETF"
      },
      {
        "ticker": "AMX",
        "action": "Short",
        "allocation_usd": 10000,
        "sl_factor": 0.4,
        "z_score": 0.12,
        "prev_return_pct": null,
        "vol_ratio": 1.5,
        "ticker_group": "BIG + ETF"
      }
    ],
    "V": [
      {
        "ticker": "THC",
        "action": "Long",
        "allocation_usd": 10000,
        "sl_factor": 1.6,
        "z_score": 0.12,
        "prev_return_pct": null,
        "vol_ratio": 1.01,
        "ticker_group": "SMALL"
      },
      {
        "ticker": "IOT",
        "action": "Long",
        "allocation_usd": 10000,
        "sl_factor": 3.2,
        "z_score": 0.11,
        "prev_return_pct": null,
        "vol_ratio": 0.79,
        "ticker_group": "SMALL"
      },
      {
        "ticker": "BSY",
        "action": "Long",
        "allocation_usd": 10000,
        "sl_factor": 1.6,
        "z_score": 0.1,
        "prev_return_pct": null,
        "vol_ratio": 0.69,
        "ticker_group": "SMALL"
      }
    ],
    "M": [
      {
        "ticker": "GLXY",
        "action": "Long",
        "allocation_usd": 10000,
        "sl_factor": 3.2,
        "z_score": null,
        "prev_return_pct": 11.81,
        "vol_ratio": 0.51,
        "ticker_group": "SMALL"
      },
      {
        "ticker": "ASTS",
        "action": "Long",
        "allocation_usd": 10000,
        "sl_factor": 1.6,
        "z_score": null,
        "prev_return_pct": 10.41,
        "vol_ratio": 1.54,
        "ticker_group": "SMALL"
      },
      {
        "ticker": "NBIS",
        "action": "Long",
        "allocation_usd": 10000,
        "sl_factor": 0.8,
        "z_score": null,
        "prev_return_pct": 8.16,
        "vol_ratio": 0.72,
        "ticker_group": "SMALL"
      }
    ]
  },
  "equity": {
    "A": [
      {
        "date": "2026-02-04",
        "equity": 10223.69
      },
      {
        "date": "2026-02-05",
        "equity": 10148.22
      },
      {
        "date": "2026-02-06",
        "equity": 10481.13
      },
      {
        "date": "2026-02-09",
        "equity": 10206.79
      },
      {
        "date": "2026-02-10",
        "equity": 9947.81
      },
      {
        "date": "2026-02-11",
        "equity": 10129.36
      },
      {
        "date": "2026-02-12",
        "equity": 9833.96
      },
      {
        "date": "2026-02-13",
        "equity": 9862.44
      },
      {
        "date": "2026-02-17",
        "equity": 10023.26
      },
      {
        "date": "2026-02-18",
        "equity": 8885.83
      },
      {
        "date": "2026-02-19",
        "equity": 8905.34
      },
      {
        "date": "2026-02-20",
        "equity": 9101.39
      },
      {
        "date": "2026-02-23",
        "equity": 8935.57
      },
      {
        "date": "2026-02-24",
        "equity": 8940.88
      },
      {
        "date": "2026-02-25",
        "equity": 9103.51
      },
      {
        "date": "2026-02-26",
        "equity": 8896.61
      },
      {
        "date": "2026-02-27",
        "equity": 8690.43
      },
      {
        "date": "2026-03-02",
        "equity": 9064.54
      },
      {
        "date": "2026-03-03",
        "equity": 9468.01
      },
      {
        "date": "2026-03-04",
        "equity": 9731.01
      }
    ],
    "B": [
      {
        "date": "2026-02-04",
        "equity": 9854.95
      },
      {
        "date": "2026-02-05",
        "equity": 9611.16
      },
      {
        "date": "2026-02-06",
        "equity": 9423.96
      },
      {
        "date": "2026-02-09",
        "equity": 9525.54
      },
      {
        "date": "2026-02-10",
        "equity": 9354.22
      },
      {
        "date": "2026-02-11",
        "equity": 9347.5
      },
      {
        "date": "2026-02-12",
        "equity": 9096.96
      },
      {
        "date": "2026-02-13",
        "equity": 8855.1
      },
      {
        "date": "2026-02-17",
        "equity": 8128.57
      },
      {
        "date": "2026-02-18",
        "equity": 8200.89
      },
      {
        "date": "2026-02-19",
        "equity": 8356.1
      },
      {
        "date": "2026-02-20",
        "equity": 8392.3
      },
      {
        "date": "2026-02-23",
        "equity": 8133.6
      },
      {
        "date": "2026-02-24",
        "equity": 7586.51
      },
      {
        "date": "2026-02-25",
        "equity": 7282.93
      },
      {
        "date": "2026-02-26",
        "equity": 7167.01
      },
      {
        "date": "2026-02-27",
        "equity": 6795.32
      },
      {
        "date": "2026-03-02",
        "equity": 6350.91
      },
      {
        "date": "2026-03-03",
        "equity": 5592.93
      },
      {
        "date": "2026-03-04",
        "equity": 5783.97
      }
    ],
    "V": [
      {
        "date": "2026-02-04",
        "equity": 9799.16
      },
      {
        "date": "2026-02-05",