{
  "timestamp": "2026-04-15T23:40:38.153597",
  "strategies": {
    "A": {
      "name": "Mean Reversion",
      "metrics": {
        "total_profit": 252.25999999999976,
        "total_return_pct": 2.522599999999998,
        "num_trades": 150,
        "win_rate": 55.333333333333336,
        "avg_win": 112.62361445783132,
        "avg_loss": -135.75373134328356,
        "sharpe_ratio": 0.16194182804265214,
        "max_drawdown_pct": 17.523062752414923,
        "profit_factor": 0.8296170819278434
      }
    },
    "B": {
      "name": "Volume Breakout",
      "metrics": {
        "total_profit": -4060.6100000000006,
        "total_return_pct": -40.606100000000005,
        "num_trades": 152,
        "win_rate": 38.15789473684211,
        "avg_win": 136.0203448275862,
        "avg_loss": -127.12542553191489,
        "sharpe_ratio": -2.494875924157991,
        "max_drawdown_pct": 52.93745956761799,
        "profit_factor": 1.0699696324197416
      }
    },
    "V": {
      "name": "Trend Breakout",
      "metrics": {
        "total_profit": 3422.5499999999993,
        "total_return_pct": 34.22549999999999,
        "num_trades": 152,
        "win_rate": 53.289473684210535,
        "avg_win": 151.9504938271605,
        "avg_loss": -125.14704225352111,
        "sharpe_ratio": 1.6818899480346199,
        "max_drawdown_pct": 27.739550141287967,
        "profit_factor": 1.2141756696042512
      }
    },
    "M": {
      "name": "Momentum",
      "metrics": {
        "total_profit": 11701.999999999998,
        "total_return_pct": 117.02,
        "num_trades": 135,
        "win_rate": 45.18518518518518,
        "avg_win": 507.00114754098365,
        "avg_loss": -259.79824324324323,
        "sharpe_ratio": 2.674339435877239,
        "max_drawdown_pct": 32.57601133964792,
        "profit_factor": 1.951518767839742
      }
    }
  },
  "signals": {
    "A": [
      {
        "ticker": "GS",
        "action": "Long",
        "allocation_usd": 10000,
        "sl_factor": 0.6,
        "z_score": 0.17,
        "prev_return_pct": null,
        "vol_ratio": 1.33,
        "ticker_group": "BIG + ETF"
      },
      {
        "ticker": "CARR",
        "action": "Long",
        "allocation_usd": 10000,
        "sl_factor": 0.4,
        "z_score": 0.14,
        "prev_return_pct": null,
        "vol_ratio": 0.68,
        "ticker_group": "BIG + ETF"
      },
      {
        "ticker": "QQQ",
        "action": "Long",
        "allocation_usd": 10000,
        "sl_factor": 0.6,
        "z_score": 0.13,
        "prev_return_pct": null,
        "vol_ratio": 0.8,
        "ticker_group": "BIG + ETF"
      }
    ],
    "B": [
      {
        "ticker": "HOOD",
        "action": "Long",
        "allocation_usd": 10000,
        "sl_factor": 1.6,
        "z_score": 0.14,
        "prev_return_pct": null,
        "vol_ratio": 1.62,
        "ticker_group": "BIG + ETF"
      },
      {
        "ticker": "AMX",
        "action": "Short",
        "allocation_usd": 10000,
        "sl_factor": 0.4,
        "z_score": 0.13,
        "prev_return_pct": null,
        "vol_ratio": 1.59,
        "ticker_group": "BIG + ETF"
      },
      {
        "ticker": "ORCL",
        "action": "Short",
        "allocation_usd": 10000,
        "sl_factor": 1.6,
        "z_score": 0.1,
        "prev_return_pct": null,
        "vol_ratio": 2.38,
        "ticker_group": "BIG + ETF"
      }
    ],
    "V": [
      {
        "ticker": "ARNNY",
        "action": "Long",
        "allocation_usd": 10000,
        "sl_factor": 1.6,
        "z_score": 0.29,
        "prev_return_pct": null,
        "vol_ratio": 0.35,
        "ticker_group": "SMALL"
      },
      {
        "ticker": "CHYM",
        "action": "Long",
        "allocation_usd": 10000,
        "sl_factor": 0.4,
        "z_score": 0.29,
        "prev_return_pct": null,
        "vol_ratio": 0.69,
        "ticker_group": "SMALL"
      },
      {
        "ticker": "SOLV",
        "action": "Long",
        "allocation_usd": 10000,
        "sl_factor": 0.8,
        "z_score": 0.19,
        "prev_return_pct": null,
        "vol_ratio": 0.99,
        "ticker_group": "SMALL"
      }
    ],
    "M": [
      {
        "ticker": "IONQ",
        "action": "Long",
        "allocation_usd": 10000,
        "sl_factor": 0.4,
        "z_score": null,
        "prev_return_pct": 12.75,
        "vol_ratio": 3.43,
        "ticker_group": "SMALL"
      },
      {
        "ticker": "AUR",
        "action": "Long",
        "allocation_usd": 10000,
        "sl_factor": 0.6,
        "z_score": null,
        "prev_return_pct": 12.09,
        "vol_ratio": 1.03,
        "ticker_group": "SMALL"
      },
      {
        "ticker": "TEM",
        "action": "Long",
        "allocation_usd": 10000,
        "sl_factor": 0.4,
        "z_score": null,
        "prev_return_pct": 12.04,
        "vol_ratio": 1.4,
        "ticker_group": "SMALL"
      }
    ]
  },
  "equity": {
    "A": [
      {
        "date": "2026-02-04",
        "equity": 10223.69
      },
      {
        "date": "2026-02-05",
        "equity": 10148.22
      },
      {
        "date": "2026-02-06",
        "equity": 10481.13
      },
      {
        "date": "2026-02-09",
        "equity": 10206.79
      },
      {
        "date": "2026-02-10",
        "equity": 9947.81
      },
      {
        "date": "2026-02-11",
        "equity": 10129.36
      },
      {
        "date": "2026-02-12",
        "equity": 9833.96
      },
      {
        "date": "2026-02-13",
        "equity": 9862.44
      },
      {
        "date": "2026-02-17",
        "equity": 10023.26
      },
      {
        "date": "2026-02-18",
        "equity": 8885.83
      },
      {
        "date": "2026-02-19",
        "equity": 8905.34
      },
      {
        "date": "2026-02-20",
        "equity": 9101.39
      },
      {
        "date": "2026-02-23",
        "equity": 8935.57
      },
      {
        "date": "2026-02-24",
        "equity": 8940.88
      },
      {
        "date": "2026-02-25",
        "equity": 9103.51
      },
      {
        "date": "2026-02-26",
        "equity": 8896.61
      },
      {
        "date": "2026-02-27",
        "equity": 8690.43
      },
      {
        "date": "2026-03-02",
        "equity": 9064.54
      },
      {
        "date": "2026-03-03",
        "equity": 9468.01
      },
      {
        "date": "2026-03-04",
        "equity": 9731.01
      },
      {
        "date": "2026-03-05",
        "equity": 9631.89
      },
      {
        "date": "2026-03-06",
        "equity": 10116.57
      },
      {
        "date": "2026-03-09",
        "equity": 10532.5
      },
      {
        "date": "2026-03-10",
        "equity": 10138.75
      },
      {
        "date": "2026-03-11",
        "equity": 10149.56
      },
      {
        "date": "2026-03-12",
        "equity": 10044.67
      },
      {
        "date": "2026-03-13",
        "equity": 9790.81
      },
      {
        "date": "2026-03-16",
        "equity": 9887.58
      },
      {
        "date": "2026-03-17",
        "equity": 9687.28
      },
      {
        "date": "2026-03-18",
        "equity": 9263.39
      },
      {
        "date": "2026-03-19",
        "equity": 9399.11
      },
      {
        "date": "2026-03-20",
        "equity": 8730.39
      },
      {
        "date": "2026-03-23",
        "equity": 9405.85
      },
      {
        "date": "2026-03-24",
        "equity": 10139.64
      },
      {
        "date": "2026-03-25",
        "equity": 9955.01
      },
      {
        "date": "2026-03-26",
        "equity": 9569.44
      },
      {
        "date": "2026-03-27",
        "equity": 9362.93
      },
      {
        "date": "2026-03-30",
        "equity": 9213.66
      },
      {
        "date": "2026-03-31",
        "equity": 8965.37
      },
      {
        "date": "2026-04-01",
        "equity": 8954.78
      },
      {
        "date": "2026-04-02",
        "equity": 9633.71
      },
      {
        "date": "2026-04-06",