{
  "timestamp": "2026-04-14T23:39:29.370686",
  "strategies": {
    "A": {
      "name": "Mean Reversion",
      "metrics": {
        "total_profit": 414.88999999999976,
        "total_return_pct": 4.148899999999998,
        "num_trades": 147,
        "win_rate": 55.78231292517006,
        "avg_win": 113.83243902439024,
        "avg_loss": -137.2210769230769,
        "sharpe_ratio": 0.26973428700265284,
        "max_drawdown_pct": 17.523062752414923,
        "profit_factor": 0.8295550623626294
      }
    },
    "B": {
      "name": "Volume Breakout",
      "metrics": {
        "total_profit": -4352.17,
        "total_return_pct": -43.5217,
        "num_trades": 149,
        "win_rate": 36.91275167785235,
        "avg_win": 138.13854545454546,
        "avg_loss": -127.12542553191489,
        "sharpe_ratio": -2.7192067586772124,
        "max_drawdown_pct": 52.93745956761799,
        "profit_factor": 1.0866319217933766
      }
    },
    "V": {
      "name": "Trend Breakout",
      "metrics": {
        "total_profit": 2885.3499999999995,
        "total_return_pct": 28.853499999999993,
        "num_trades": 149,
        "win_rate": 53.02013422818792,
        "avg_win": 148.97202531645567,
        "avg_loss": -126.9062857142857,
        "sharpe_ratio": 1.4558316752867853,
        "max_drawdown_pct": 27.739550141287967,
        "profit_factor": 1.1738742843033665
      }
    },
    "M": {
      "name": "Momentum",
      "metrics": {
        "total_profit": 9475.469999999998,
        "total_return_pct": 94.75469999999999,
        "num_trades": 132,
        "win_rate": 44.696969696969695,
        "avg_win": 482.0505084745763,
        "avg_loss": -259.80150684931505,
        "sharpe_ratio": 2.2820068691830127,
        "max_drawdown_pct": 32.57601133964792,
        "profit_factor": 1.8554569383393367
      }
    }
  },
  "signals": {
    "A": [
      {
        "ticker": "GEV",
        "action": "Long",
        "allocation_usd": 10000,
        "sl_factor": 3.2,
        "z_score": 0.25,
        "prev_return_pct": null,
        "vol_ratio": 0.66,
        "ticker_group": "BIG + ETF"
      },
      {
        "ticker": "SAN",
        "action": "Long",
        "allocation_usd": 10000,
        "sl_factor": 3.2,
        "z_score": 0.16,
        "prev_return_pct": null,
        "vol_ratio": 0.78,
        "ticker_group": "BIG + ETF"
      },
      {
        "ticker": "CARR",
        "action": "Long",
        "allocation_usd": 10000,
        "sl_factor": 0.4,
        "z_score": 0.14,
        "prev_return_pct": null,
        "vol_ratio": 0.98,
        "ticker_group": "BIG + ETF"
      }
    ],
    "B": [
      {
        "ticker": "ORCL",
        "action": "Long",
        "allocation_usd": 10000,
        "sl_factor": 1.6,
        "z_score": 0.1,
        "prev_return_pct": null,
        "vol_ratio": 2.15,
        "ticker_group": "BIG + ETF"
      },
      {
        "ticker": "IFNNY",
        "action": "Long",
        "allocation_usd": 10000,
        "sl_factor": 0.4,
        "z_score": 0.06,
        "prev_return_pct": null,
        "vol_ratio": 1.54,
        "ticker_group": "BIG + ETF"
      },
      {
        "ticker": "FAST",
        "action": "Short",
        "allocation_usd": 10000,
        "sl_factor": 1.6,
        "z_score": 0.05,
        "prev_return_pct": null,
        "vol_ratio": 1.94,
        "ticker_group": "BIG + ETF"
      }
    ],
    "V": [
      {
        "ticker": "ARNNY",
        "action": "Long",
        "allocation_usd": 10000,
        "sl_factor": 1.6,
        "z_score": 0.29,
        "prev_return_pct": null,
        "vol_ratio": 1.13,
        "ticker_group": "SMALL"
      },
      {
        "ticker": "SOTGY",
        "action": "Long",
        "allocation_usd": 10000,
        "sl_factor": 1.6,
        "z_score": 0.24,
        "prev_return_pct": null,
        "vol_ratio": 0.1,
        "ticker_group": "SMALL"
      },
      {
        "ticker": "CRRFY",
        "action": "Long",
        "allocation_usd": 10000,
        "sl_factor": 1.6,
        "z_score": 0.15,
        "prev_return_pct": null,
        "vol_ratio": 0.62,
        "ticker_group": "SMALL"
      }
    ],
    "M": [
      {
        "ticker": "IONQ",
        "action": "Long",
        "allocation_usd": 10000,
        "sl_factor": 0.4,
        "z_score": null,
        "prev_return_pct": 12.52,
        "vol_ratio": 0.88,
        "ticker_group": "SMALL"
      },
      {
        "ticker": "BE",
        "action": "Long",
        "allocation_usd": 10000,
        "sl_factor": 0.4,
        "z_score": null,
        "prev_return_pct": 8.01,
        "vol_ratio": 0.96,
        "ticker_group": "SMALL"
      },
      {
        "ticker": "AUR",
        "action": "Long",
        "allocation_usd": 10000,
        "sl_factor": 0.6,
        "z_score": null,
        "prev_return_pct": 7.11,
        "vol_ratio": 1.05,
        "ticker_group": "SMALL"
      }
    ]
  },
  "equity": {
    "A": [
      {
        "date": "2026-02-04",
        "equity": 10223.69
      },
      {
        "date": "2026-02-05",
        "equity": 10148.22
      },
      {
        "date": "2026-02-06",
        "equity": 10481.13
      },
      {
        "date": "2026-02-09",
        "equity": 10206.79
      },
      {
        "date": "2026-02-10",
        "equity": 9947.81
      },
      {
        "date": "2026-02-11",
        "equity": 10129.36
      },
      {
        "date": "2026-02-12",
        "equity": 9833.96
      },
      {
        "date": "2026-02-13",
        "equity": 9862.44
      },
      {
        "date": "2026-02-17",
        "equity": 10023.26
      },
      {
        "date": "2026-02-18",
        "equity": 8885.83
      },
      {
        "date": "2026-02-19",
        "equity": 8905.34
      },
      {
        "date": "2026-02-20",
        "equity": 9101.39
      },
      {
        "date": "2026-02-23",
        "equity": 8935.57
      },
      {
        "date": "2026-02-24",
        "equity": 8940.88
      },
      {
        "date": "2026-02-25",
        "equity": 9103.51
      },
      {
        "date": "2026-02-26",
        "equity": 8896.61
      },
      {
        "date": "2026-02-27",
        "equity": 8690.43
      },
      {
        "date": "2026-03-02",
        "equity": 9064.54
      },
      {
        "date": "2026-03-03",
        "equity": 9468.01
      },
      {
        "date": "2026-03-04",
        "equity": 9731.01
      },
      {
        "date": "2026-03-05",
        "equity": 9631.89
      },
      {
        "date": "2026-03-06",
        "equity": 10116.57
      },
      {
        "date": "2026-03-09",
        "equity": 10532.5
      },
      {
        "date": "2026-03-10",
        "equity": 10138.75
      },
      {
        "date": "2026-03-11",
        "equity": 10149.56
      },
      {
        "date": "2026-03-12",
        "equity": 10044.67
      },
      {
        "date": "2026-03-13",
        "equity": 9790.81
      },
      {
        "date": "2026-03-16",
        "equity": 9887.58
      },
      {
        "date": "2026-03-17",
        "equity": 9687.28
      },
      {
        "date": "2026-03-18",
        "equity": 9263.39
      },
      {
        "date": "2026-03-19",
        "equity": 9399.11
      },
      {
        "date": "2026-03-20",
        "equity": 8730.39
      },
      {
        "date": "2026-03-23",
        "equity": 9405.85
      },
      {
        "date": "2026-03-24",
        "equity": 10139.64
      },
      {
        "date": "2026-03-25",
        "equity": 9955.01
      },
      {
        "date": "2026-03-26",
        "equity": 9569.44
      },
      {
        "date": "2026-03-27",
        "equity": 9362.93
      },
      {
        "date": "2026-03-30",
        "equity": 9213.66
      },
      {
        "date": "2026-03-31",
        "equity": 8965.37
      },
      {
        "date": "2026-04-01",
        "equity": 8954.78
      },
      {
        "date": "2026-04-02",
        "equity": 9633.71
      },
      {
        "date": "2026-04-06",