{
  "timestamp": "2026-02-12T23:25:32.427215",
  "strategies": {
    "A": {
      "name": "Mean Reversion",
      "metrics": {
        "total_profit": -166.04000000000005,
        "total_return_pct": -1.6604000000000003,
        "num_trades": 21,
        "win_rate": 57.14285714285714,
        "avg_win": 82.31916666666667,
        "avg_loss": -128.20777777777778,
        "sharpe_ratio": -1.0598125085599053,
        "max_drawdown_pct": 6.28281282312501,
        "profit_factor": 0.6420762304245713
      }
    },
    "B": {
      "name": "Volume Breakout",
      "metrics": {
        "total_profit": -903.0400000000002,
        "total_return_pct": -9.030400000000002,
        "num_trades": 21,
        "win_rate": 33.33333333333333,
        "avg_win": 135.92857142857142,
        "avg_loss": -132.46714285714285,
        "sharpe_ratio": -4.359904979505777,
        "max_drawdown_pct": 8.838606468178146,
        "profit_factor": 1.0261304690111834
      }
    },
    "V": {
      "name": "Trend Breakout",
      "metrics": {
        "total_profit": -374.97,
        "total_return_pct": -3.7497000000000003,
        "num_trades": 21,
        "win_rate": 47.61904761904761,
        "avg_win": 85.751,
        "avg_loss": -112.04363636363637,
        "sharpe_ratio": -2.069881140198964,
        "max_drawdown_pct": 7.8445358921674275,
        "profit_factor": 0.7653357458133195
      }
    },
    "M": {
      "name": "Momentum",
      "metrics": {
        "total_profit": 6204.03,
        "total_return_pct": 62.040299999999995,
        "num_trades": 18,
        "win_rate": 61.111111111111114,
        "avg_win": 717.1527272727272,
        "avg_loss": -240.66428571428568,
        "sharpe_ratio": 9.02695510218257,
        "max_drawdown_pct": 5.053075263966613,
        "profit_factor": 2.979888458082742
      }
    }
  },
  "signals": {
    "A": [
      {
        "ticker": "GEV",
        "action": "Long",
        "allocation_usd": 10000,
        "sl_factor": 3.2,
        "z_score": 0.27,
        "prev_return_pct": null,
        "vol_ratio": 0.79,
        "ticker_group": "BIG + ETF"
      },
      {
        "ticker": "SMFG",
        "action": "Long",
        "allocation_usd": 10000,
        "sl_factor": 0.8,
        "z_score": 0.16,
        "prev_return_pct": null,
        "vol_ratio": 0.91,
        "ticker_group": "BIG + ETF"
      },
      {
        "ticker": "CARR",
        "action": "Long",
        "allocation_usd": 10000,
        "sl_factor": 0.4,
        "z_score": 0.14,
        "prev_return_pct": null,
        "vol_ratio": 0.64,
        "ticker_group": "BIG + ETF"
      }
    ],
    "B": [
      {
        "ticker": "HOOD",
        "action": "Long",
        "allocation_usd": 10000,
        "sl_factor": 1.6,
        "z_score": 0.15,
        "prev_return_pct": null,
        "vol_ratio": 2.01,
        "ticker_group": "BIG + ETF"
      },
      {
        "ticker": "PANW",
        "action": "Short",
        "allocation_usd": 10000,
        "sl_factor": 0.6,
        "z_score": 0.12,
        "prev_return_pct": null,
        "vol_ratio": 3.9,
        "ticker_group": "BIG + ETF"
      },
      {
        "ticker": "NET",
        "action": "Short",
        "allocation_usd": 10000,
        "sl_factor": 0.4,
        "z_score": 0.1,
        "prev_return_pct": null,
        "vol_ratio": 2.49,
        "ticker_group": "BIG + ETF"
      }
    ],
    "V": [
      {
        "ticker": "AS",
        "action": "Long",
        "allocation_usd": 10000,
        "sl_factor": 1.6,
        "z_score": 0.22,
        "prev_return_pct": null,
        "vol_ratio": 1.16,
        "ticker_group": "SMALL"
      },
      {
        "ticker": "NCLTY",
        "action": "Long",
        "allocation_usd": 10000,
        "sl_factor": 3.2,
        "z_score": 0.21,
        "prev_return_pct": null,
        "vol_ratio": 0.57,
        "ticker_group": "SMALL"
      },
      {
        "ticker": "EDPFY",
        "action": "Long",
        "allocation_usd": 10000,
        "sl_factor": 1.6,
        "z_score": 0.2,
        "prev_return_pct": null,
        "vol_ratio": 0.27,
        "ticker_group": "SMALL"
      }
    ],
    "M": [
      {
        "ticker": "USFD",
        "action": "Long",
        "allocation_usd": 10000,
        "sl_factor": 0.6,
        "z_score": null,
        "prev_return_pct": 14.05,
        "vol_ratio": 1.7,
        "ticker_group": "SMALL"
      },
      {
        "ticker": "PAYC",
        "action": "Long",
        "allocation_usd": 10000,
        "sl_factor": 0.6,
        "z_score": null,
        "prev_return_pct": 12.15,
        "vol_ratio": 2.24,
        "ticker_group": "SMALL"
      },
      {
        "ticker": "LECO",
        "action": "Long",
        "allocation_usd": 10000,
        "sl_factor": 3.2,
        "z_score": null,
        "prev_return_pct": 9.28,
        "vol_ratio": 1.72,
        "ticker_group": "SMALL"
      }
    ]
  },
  "equity": {
    "A": [
      {
        "date": "2026-02-04",
        "equity": 10223.69
      },
      {
        "date": "2026-02-05",
        "equity": 10148.22
      },
      {
        "date": "2026-02-06",
        "equity": 10481.13
      },
      {
        "date": "2026-02-09",
        "equity": 10206.79
      },
      {
        "date": "2026-02-10",
        "equity": 9947.81
      },
      {
        "date": "2026-02-11",
        "equity": 10129.36
      },
      {
        "date": "2026-02-12",
        "equity": 9833.96
      }
    ],
    "B": [
      {
        "date": "2026-02-04",
        "equity": 9854.95
      },
      {
        "date": "2026-02-05",
        "equity": 9611.16
      },
      {
        "date": "2026-02-06",
        "equity": 9423.96
      },
      {
        "date": "2026-02-09",
        "equity": 9525.54
      },
      {
        "date": "2026-02-10",
        "equity": 9354.22
      },
      {
        "date": "2026-02-11",
        "equity": 9347.5
      },
      {
        "date": "2026-02-12",
        "equity": 9096.96
      }
    ],
    "V": [
      {
        "date": "2026-02-04",
        "equity": 9799.16
      },
      {
        "date": "2026-02-05",
        "equity": 9920.44
      },
      {
        "date": "2026-02-06",
        "equity": 10105.91
      },
      {
        "date": "2026-02-09",
        "equity": 10444.34
      },
      {
        "date": "2026-02-10",
        "equity": 10297.56
      },
      {
        "date": "2026-02-11",
        "equity": 10242.95
      },
      {
        "date": "2026-02-12",
        "equity": 9625.03
      }
    ],
    "M": [
      {
        "date": "2026-02-04",
        "equity": 11024.63
      },
      {
        "date": "2026-02-05",
        "equity": 14892.66
      },
      {
        "date": "2026-02-06",
        "equity": 15431.03
      },
      {
        "date": "2026-02-09",
        "equity": 16065.03
      },
      {
        "date": "2026-02-10",
        "equity": 17024.88
      },
      {
        "date": "2026-02-11",
        "equity": 16164.6
      },
      {
        "date": "2026-02-12",
        "equity": 16204.03
      }
    ]
  }
}