{
  "timestamp": "2026-02-26T23:26:22.634562",
  "strategies": {
    "A": {
      "name": "Mean Reversion",
      "metrics": {
        "total_profit": -1103.3900000000003,
        "total_return_pct": -11.033900000000003,
        "num_trades": 51,
        "win_rate": 50.98039215686274,
        "avg_win": 77.21961538461538,
        "avg_loss": -124.44400000000002,
        "sharpe_ratio": -2.524591274846962,
        "max_drawdown_pct": 15.410412237223422,
        "profit_factor": 0.6205169826155972
      }
    },
    "B": {
      "name": "Volume Breakout",
      "metrics": {
        "total_profit": -2832.99,
        "total_return_pct": -28.329899999999995,
        "num_trades": 51,
        "win_rate": 31.372549019607842,
        "avg_win": 130.09375,
        "avg_loss": -140.41399999999996,
        "sharpe_ratio": -5.2353790618280325,
        "max_drawdown_pct": 28.254775409087955,
        "profit_factor": 0.9265012748016582
      }
    },
    "V": {
      "name": "Trend Breakout",
      "metrics": {
        "total_profit": 3125.9700000000003,
        "total_return_pct": 31.259700000000002,
        "num_trades": 50,
        "win_rate": 56.00000000000001,
        "avg_win": 197.595,
        "avg_loss": -109.395,
        "sharpe_ratio": 3.795852313161939,
        "max_drawdown_pct": 7.8445358921674275,
        "profit_factor": 1.8062525709584534
      }
    },
    "M": {
      "name": "Momentum",
      "metrics": {
        "total_profit": 8606.68,
        "total_return_pct": 86.0668,
        "num_trades": 42,
        "win_rate": 50.0,
        "avg_win": 594.092857142857,
        "avg_loss": -184.25095238095238,
        "sharpe_ratio": 6.30938739352127,
        "max_drawdown_pct": 5.8077942399593825,
        "profit_factor": 3.224367904023239
      }
    }
  },
  "signals": {
    "A": [
      {
        "ticker": "GEV",
        "action": "Long",
        "allocation_usd": 10000,
        "sl_factor": 3.2,
        "z_score": 0.27,
        "prev_return_pct": null,
        "vol_ratio": 0.77,
        "ticker_group": "BIG + ETF"
      },
      {
        "ticker": "BTI",
        "action": "Long",
        "allocation_usd": 10000,
        "sl_factor": 1.6,
        "z_score": 0.21,
        "prev_return_pct": null,
        "vol_ratio": 0.8,
        "ticker_group": "BIG + ETF"
      },
      {
        "ticker": "SAN",
        "action": "Long",
        "allocation_usd": 10000,
        "sl_factor": 3.2,
        "z_score": 0.18,
        "prev_return_pct": null,
        "vol_ratio": 0.9,
        "ticker_group": "BIG + ETF"
      }
    ],
    "B": [
      {
        "ticker": "CME",
        "action": "Short",
        "allocation_usd": 10000,
        "sl_factor": 0.6,
        "z_score": 0.15,
        "prev_return_pct": null,
        "vol_ratio": 1.59,
        "ticker_group": "BIG + ETF"
      },
      {
        "ticker": "AMX",
        "action": "Short",
        "allocation_usd": 10000,
        "sl_factor": 0.4,
        "z_score": 0.12,
        "prev_return_pct": null,
        "vol_ratio": 1.63,
        "ticker_group": "BIG + ETF"
      },
      {
        "ticker": "TRI",
        "action": "Long",
        "allocation_usd": 10000,
        "sl_factor": 0.4,
        "z_score": 0.1,
        "prev_return_pct": null,
        "vol_ratio": 2.47,
        "ticker_group": "BIG + ETF"
      }
    ],
    "V": [
      {
        "ticker": "EDPFY",
        "action": "Long",
        "allocation_usd": 10000,
        "sl_factor": 1.6,
        "z_score": 0.2,
        "prev_return_pct": null,
        "vol_ratio": 5.87,
        "ticker_group": "SMALL"
      },
      {
        "ticker": "UUGRY",
        "action": "Long",
        "allocation_usd": 10000,
        "sl_factor": 3.2,
        "z_score": 0.2,
        "prev_return_pct": null,
        "vol_ratio": 0.8,
        "ticker_group": "SMALL"
      },
      {
        "ticker": "RDEIY",
        "action": "Long",
        "allocation_usd": 10000,
        "sl_factor": 3.2,
        "z_score": 0.19,
        "prev_return_pct": null,
        "vol_ratio": 0.67,
        "ticker_group": "SMALL"
      }
    ],
    "M": [
      {
        "ticker": "PMDIY",
        "action": "Long",
        "allocation_usd": 10000,
        "sl_factor": 0.4,
        "z_score": null,
        "prev_return_pct": 10.8,
        "vol_ratio": 0.0,
        "ticker_group": "SMALL"
      },
      {
        "ticker": "UWMC",
        "action": "Long",
        "allocation_usd": 10000,
        "sl_factor": 1.6,
        "z_score": null,
        "prev_return_pct": 9.64,
        "vol_ratio": 2.85,
        "ticker_group": "SMALL"
      },
      {
        "ticker": "FTAI",
        "action": "Long",
        "allocation_usd": 10000,
        "sl_factor": 3.2,
        "z_score": null,
        "prev_return_pct": 6.8,
        "vol_ratio": 1.42,
        "ticker_group": "SMALL"
      }
    ]
  },
  "equity": {
    "A": [
      {
        "date": "2026-02-04",
        "equity": 10223.69
      },
      {
        "date": "2026-02-05",
        "equity": 10148.22
      },
      {
        "date": "2026-02-06",
        "equity": 10481.13
      },
      {
        "date": "2026-02-09",
        "equity": 10206.79
      },
      {
        "date": "2026-02-10",
        "equity": 9947.81
      },
      {
        "date": "2026-02-11",
        "equity": 10129.36
      },
      {
        "date": "2026-02-12",
        "equity": 9833.96
      },
      {
        "date": "2026-02-13",
        "equity": 9862.44
      },
      {
        "date": "2026-02-17",
        "equity": 10023.26
      },
      {
        "date": "2026-02-18",
        "equity": 8885.83
      },
      {
        "date": "2026-02-19",
        "equity": 8905.34
      },
      {
        "date": "2026-02-20",
        "equity": 9101.39
      },
      {
        "date": "2026-02-23",
        "equity": 8935.57
      },
      {
        "date": "2026-02-24",
        "equity": 8940.88
      },
      {
        "date": "2026-02-25",
        "equity": 9103.51
      },
      {
        "date": "2026-02-26",
        "equity": 8896.61
      }
    ],
    "B": [
      {
        "date": "2026-02-04",
        "equity": 9854.95
      },
      {
        "date": "2026-02-05",
        "equity": 9611.16
      },
      {
        "date": "2026-02-06",
        "equity": 9423.96
      },
      {
        "date": "2026-02-09",
        "equity": 9525.54
      },
      {
        "date": "2026-02-10",
        "equity": 9354.22
      },
      {
        "date": "2026-02-11",
        "equity": 9347.5
      },
      {
        "date": "2026-02-12",
        "equity": 9096.96
      },
      {
        "date": "2026-02-13",
        "equity": 8855.1
      },
      {
        "date": "2026-02-17",
        "equity": 8128.57
      },
      {
        "date": "2026-02-18",
        "equity": 8200.89
      },
      {
        "date": "2026-02-19",
        "equity": 8356.1
      },
      {
        "date": "2026-02-20",
        "equity": 8392.3
      },
      {
        "date": "2026-02-23",
        "equity": 8133.6
      },
      {
        "date": "2026-02-24",
        "equity": 7586.51
      },
      {
        "date": "2026-02-25",
        "equity": 7282.93
      },
      {
        "date": "2026-02-26",
        "equity": 7167.01
      }
    ],
    "V": [
      {
        "date": "2026-02-04",
        "equity": 9799.16
      },
      {
        "date": "2026-02-05",
        "equity": 9920.44
      },
      {
        "date": "2026-02-06",
        "equity": 10105.91
      },
      {
        "date": "2026-02-09",
        "equity": 10444.34
      },
      {
        "date": "2026-02-10",
        "equity": 10297.56
      },
      {
        "date": "2026-02-11",
        "equity": 10242.95
      },
      {
        "date": "2026-02-12",
        "equity": 9625.03
      },
      {
        "date": "2026-02-13",
        "equity": 11276.72
      },
      {
        "date": "2026-02-17",
        "equity": 11398.8
      },
      {
        "date": "2026-02-18",
        "equity": 11170.92
      },
      {
        "date": "2026-02-19",