{
  "timestamp": "2026-03-24T23:28:08.634987",
  "strategies": {
    "A": {
      "name": "Mean Reversion",
      "metrics": {
        "total_profit": 139.63999999999965,
        "total_return_pct": 1.3963999999999965,
        "num_trades": 104,
        "win_rate": 55.769230769230774,
        "avg_win": 115.38155172413794,
        "avg_loss": -142.4454347826087,
        "sharpe_ratio": 0.1216467534198515,
        "max_drawdown_pct": 17.523062752414923,
        "profit_factor": 0.810005262016477
      }
    },
    "B": {
      "name": "Volume Breakout",
      "metrics": {
        "total_profit": -4812.33,
        "total_return_pct": -48.12329999999999,
        "num_trades": 105,
        "win_rate": 35.23809523809524,
        "avg_win": 120.51621621621622,
        "avg_loss": -136.3445588235294,
        "sharpe_ratio": -4.50158677030679,
        "max_drawdown_pct": 52.93745956761799,
        "profit_factor": 0.8839092462222875
      }
    },
    "V": {
      "name": "Trend Breakout",
      "metrics": {
        "total_profit": 2318.3999999999996,
        "total_return_pct": 23.183999999999997,
        "num_trades": 104,
        "win_rate": 56.730769230769226,
        "avg_win": 154.10593220338984,
        "avg_loss": -150.53,
        "sharpe_ratio": 1.5532029444125706,
        "max_drawdown_pct": 20.69558527368588,
        "profit_factor": 1.0237556115285316
      }
    },
    "M": {
      "name": "Momentum",
      "metrics": {
        "total_profit": 5240.589999999999,
        "total_return_pct": 52.405899999999995,
        "num_trades": 90,
        "win_rate": 43.333333333333336,
        "avg_win": 460.67538461538464,
        "avg_loss": -249.52450980392157,
        "sharpe_ratio": 1.9920565332089564,
        "max_drawdown_pct": 26.87866650101721,
        "profit_factor": 1.8462129631168784
      }
    }
  },
  "signals": {
    "A": [
      {
        "ticker": "GEV",
        "action": "Long",
        "allocation_usd": 10000,
        "sl_factor": 3.2,
        "z_score": 0.25,
        "prev_return_pct": null,
        "vol_ratio": 1.29,
        "ticker_group": "BIG + ETF"
      },
      {
        "ticker": "PTCAY",
        "action": "Long",
        "allocation_usd": 10000,
        "sl_factor": 0.4,
        "z_score": 0.0,
        "prev_return_pct": null,
        "vol_ratio": 1.0,
        "ticker_group": "BIG + ETF"
      },
      {
        "ticker": "PLTR",
        "action": "Long",
        "allocation_usd": 10000,
        "sl_factor": 0.6,
        "z_score": -0.03,
        "prev_return_pct": null,
        "vol_ratio": 1.15,
        "ticker_group": "BIG + ETF"
      }
    ],
    "B": [
      {
        "ticker": "MGCLY",
        "action": "Long",
        "allocation_usd": 10000,
        "sl_factor": 3.2,
        "z_score": 0.31,
        "prev_return_pct": null,
        "vol_ratio": 5.13,
        "ticker_group": "BIG + ETF"
      },
      {
        "ticker": "ARM",
        "action": "Long",
        "allocation_usd": 10000,
        "sl_factor": 0.4,
        "z_score": 0.07,
        "prev_return_pct": null,
        "vol_ratio": 1.77,
        "ticker_group": "BIG + ETF"
      },
      {
        "ticker": "KMI",
        "action": "Long",
        "allocation_usd": 10000,
        "sl_factor": 3.2,
        "z_score": 0.03,
        "prev_return_pct": null,
        "vol_ratio": 1.56,
        "ticker_group": "BIG + ETF"
      }
    ],
    "V": [
      {
        "ticker": "PUGBY",
        "action": "Long",
        "allocation_usd": 10000,
        "sl_factor": 1.6,
        "z_score": 0.3,
        "prev_return_pct": null,
        "vol_ratio": 10.54,
        "ticker_group": "SMALL"
      },
      {
        "ticker": "FRHC",
        "action": "Long",
        "allocation_usd": 10000,
        "sl_factor": 0.6,
        "z_score": 0.09,
        "prev_return_pct": null,
        "vol_ratio": 0.83,
        "ticker_group": "SMALL"
      },
      {
        "ticker": "YAHOY",
        "action": "Long",
        "allocation_usd": 10000,
        "sl_factor": 0.4,
        "z_score": 0.05,
        "prev_return_pct": null,
        "vol_ratio": 0.78,
        "ticker_group": "SMALL"
      }
    ],
    "M": [
      {
        "ticker": "FN",
        "action": "Long",
        "allocation_usd": 10000,
        "sl_factor": 1.6,
        "z_score": null,
        "prev_return_pct": 11.17,
        "vol_ratio": 1.18,
        "ticker_group": "SMALL"
      },
      {
        "ticker": "SN",
        "action": "Long",
        "allocation_usd": 10000,
        "sl_factor": 1.6,
        "z_score": null,
        "prev_return_pct": 7.58,
        "vol_ratio": 0.93,
        "ticker_group": "SMALL"
      },
      {
        "ticker": "FLEX",
        "action": "Long",
        "allocation_usd": 10000,
        "sl_factor": 0.4,
        "z_score": null,
        "prev_return_pct": 7.02,
        "vol_ratio": 0.79,
        "ticker_group": "SMALL"
      }
    ]
  },
  "equity": {
    "A": [
      {
        "date": "2026-02-04",
        "equity": 10223.69
      },
      {
        "date": "2026-02-05",
        "equity": 10148.22
      },
      {
        "date": "2026-02-06",
        "equity": 10481.13
      },
      {
        "date": "2026-02-09",
        "equity": 10206.79
      },
      {
        "date": "2026-02-10",
        "equity": 9947.81
      },
      {
        "date": "2026-02-11",
        "equity": 10129.36
      },
      {
        "date": "2026-02-12",
        "equity": 9833.96
      },
      {
        "date": "2026-02-13",
        "equity": 9862.44
      },
      {
        "date": "2026-02-17",
        "equity": 10023.26
      },
      {
        "date": "2026-02-18",
        "equity": 8885.83
      },
      {
        "date": "2026-02-19",
        "equity": 8905.34
      },
      {
        "date": "2026-02-20",
        "equity": 9101.39
      },
      {
        "date": "2026-02-23",
        "equity": 8935.57
      },
      {
        "date": "2026-02-24",
        "equity": 8940.88
      },
      {
        "date": "2026-02-25",
        "equity": 9103.51
      },
      {
        "date": "2026-02-26",
        "equity": 8896.61
      },
      {
        "date": "2026-02-27",
        "equity": 8690.43
      },
      {
        "date": "2026-03-02",
        "equity": 9064.54
      },
      {
        "date": "2026-03-03",
        "equity": 9468.01
      },
      {
        "date": "2026-03-04",
        "equity": 9731.01
      },
      {
        "date": "2026-03-05",
        "equity": 9631.89
      },
      {
        "date": "2026-03-06",
        "equity": 10116.57
      },
      {
        "date": "2026-03-09",
        "equity": 10532.5
      },
      {
        "date": "2026-03-10",
        "equity": 10138.75
      },
      {
        "date": "2026-03-11",
        "equity": 10149.56
      },
      {
        "date": "2026-03-12",
        "equity": 10044.67
      },
      {
        "date": "2026-03-13",
        "equity": 9790.81
      },
      {
        "date": "2026-03-16",
        "equity": 9887.58
      },
      {
        "date": "2026-03-17",
        "equity": 9687.28
      },
      {
        "date": "2026-03-18",
        "equity": 9263.39
      },
      {
        "date": "2026-03-19",
        "equity": 9399.11
      },
      {
        "date": "2026-03-20",
        "equity": 8730.39
      },
      {
        "date": "2026-03-23",
        "equity": 9405.85
      },
      {
        "date": "2026-03-24",
        "equity": 10139.64
      }
    ],
    "B": [
      {
        "date": "2026-02-04",
        "equity": 9854.95
      },
      {
        "date": "2026-02-05",
        "equity": 9611.16
      },
      {
        "date": "2026-02-06",
        "equity": 9423.96
      },
      {
        "date": "2026-02-09",
        "equity": 9525.54
      },
      {
        "date": "2026-02-10",
        "equity": 9354.22
      },
      {
        "date": "2026-02-11",
        "equity": 9347.5
      },
      {
        "date": "2026-02-12",
        "equity": 9096.96
      },
      {
        "date": "2026-02-13",