{
  "timestamp": "2026-03-05T23:50:22.211207",
  "strategies": {
    "A": {
      "name": "Mean Reversion",
      "metrics": {
        "total_profit": -368.11000000000024,
        "total_return_pct": -3.6811000000000025,
        "num_trades": 66,
        "win_rate": 57.57575757575758,
        "avg_win": 89.52868421052632,
        "avg_loss": -134.65,
        "sharpe_ratio": -0.6170756536606965,
        "max_drawdown_pct": 17.18060120668278,
        "profit_factor": 0.6648992514706745
      }
    },
    "B": {
      "name": "Volume Breakout",
      "metrics": {
        "total_profit": -4599.320000000001,
        "total_return_pct": -45.99320000000001,
        "num_trades": 66,
        "win_rate": 28.78787878787879,
        "avg_win": 127.6363157894737,
        "avg_loss": -149.45553191489358,
        "sharpe_ratio": -6.590434198765382,
        "max_drawdown_pct": 45.83259364014303,
        "profit_factor": 0.8540086415948478
      }
    },
    "V": {
      "name": "Trend Breakout",
      "metrics": {
        "total_profit": 4068.49,
        "total_return_pct": 40.6849,
        "num_trades": 65,
        "win_rate": 61.53846153846154,
        "avg_win": 166.24900000000002,
        "avg_loss": -103.25880000000001,
        "sharpe_ratio": 4.233170484213517,
        "max_drawdown_pct": 7.8445358921674275,
        "profit_factor": 1.610022584031579
      }
    },
    "M": {
      "name": "Momentum",
      "metrics": {
        "total_profit": 7191.0,
        "total_return_pct": 71.91,
        "num_trades": 55,
        "win_rate": 45.45454545454545,
        "avg_win": 553.1308,
        "avg_loss": -221.24233333333333,
        "sharpe_ratio": 4.1331858083076,
        "max_drawdown_pct": 9.883557877443527,
        "profit_factor": 2.500112847601499
      }
    }
  },
  "signals": {
    "A": [
      {
        "ticker": "BAESY",
        "action": "Long",
        "allocation_usd": 10000,
        "sl_factor": 0.6,
        "z_score": 0.15,
        "prev_return_pct": null,
        "vol_ratio": 1.57,
        "ticker_group": "BIG + ETF"
      },
      {
        "ticker": "TRI",
        "action": "Long",
        "allocation_usd": 10000,
        "sl_factor": 0.8,
        "z_score": 0.1,
        "prev_return_pct": null,
        "vol_ratio": 0.61,
        "ticker_group": "BIG + ETF"
      },
      {
        "ticker": "PSA",
        "action": "Long",
        "allocation_usd": 10000,
        "sl_factor": 0.8,
        "z_score": 0.09,
        "prev_return_pct": null,
        "vol_ratio": 0.78,
        "ticker_group": "BIG + ETF"
      }
    ],
    "B": [
      {
        "ticker": "ROST",
        "action": "Short",
        "allocation_usd": 10000,
        "sl_factor": 0.6,
        "z_score": 0.1,
        "prev_return_pct": null,
        "vol_ratio": 2.78,
        "ticker_group": "BIG + ETF"
      },
      {
        "ticker": "BAESY",
        "action": "Long",
        "allocation_usd": 10000,
        "sl_factor": 3.2,
        "z_score": 0.09,
        "prev_return_pct": null,
        "vol_ratio": 1.57,
        "ticker_group": "BIG + ETF"
      },
      {
        "ticker": "SE",
        "action": "Long",
        "allocation_usd": 10000,
        "sl_factor": 0.4,
        "z_score": 0.08,
        "prev_return_pct": null,
        "vol_ratio": 1.55,
        "ticker_group": "BIG + ETF"
      }
    ],
    "V": [
      {
        "ticker": "THC",
        "action": "Long",
        "allocation_usd": 10000,
        "sl_factor": 1.6,
        "z_score": 0.12,
        "prev_return_pct": null,
        "vol_ratio": 0.93,
        "ticker_group": "SMALL"
      },
      {
        "ticker": "BSY",
        "action": "Long",
        "allocation_usd": 10000,
        "sl_factor": 1.6,
        "z_score": 0.1,
        "prev_return_pct": null,
        "vol_ratio": 0.66,
        "ticker_group": "SMALL"
      },
      {
        "ticker": "FRHC",
        "action": "Long",
        "allocation_usd": 10000,
        "sl_factor": 0.6,
        "z_score": 0.09,
        "prev_return_pct": null,
        "vol_ratio": 0.53,
        "ticker_group": "SMALL"
      }
    ],
    "M": [
      {
        "ticker": "NJDCY",
        "action": "Long",
        "allocation_usd": 10000,
        "sl_factor": 0.4,
        "z_score": null,
        "prev_return_pct": 17.54,
        "vol_ratio": 2.05,
        "ticker_group": "SMALL"
      },
      {
        "ticker": "OKTA",
        "action": "Long",
        "allocation_usd": 10000,
        "sl_factor": 1.6,
        "z_score": null,
        "prev_return_pct": 9.41,
        "vol_ratio": 1.9,
        "ticker_group": "SMALL"
      },
      {
        "ticker": "SAIL",
        "action": "Long",
        "allocation_usd": 10000,
        "sl_factor": 3.2,
        "z_score": null,
        "prev_return_pct": 8.95,
        "vol_ratio": 1.23,
        "ticker_group": "SMALL"
      }
    ]
  },
  "equity": {
    "A": [
      {
        "date": "2026-02-04",
        "equity": 10223.69
      },
      {
        "date": "2026-02-05",
        "equity": 10148.22
      },
      {
        "date": "2026-02-06",
        "equity": 10481.13
      },
      {
        "date": "2026-02-09",
        "equity": 10206.79
      },
      {
        "date": "2026-02-10",
        "equity": 9947.81
      },
      {
        "date": "2026-02-11",
        "equity": 10129.36
      },
      {
        "date": "2026-02-12",
        "equity": 9833.96
      },
      {
        "date": "2026-02-13",
        "equity": 9862.44
      },
      {
        "date": "2026-02-17",
        "equity": 10023.26
      },
      {
        "date": "2026-02-18",
        "equity": 8885.83
      },
      {
        "date": "2026-02-19",
        "equity": 8905.34
      },
      {
        "date": "2026-02-20",
        "equity": 9101.39
      },
      {
        "date": "2026-02-23",
        "equity": 8935.57
      },
      {
        "date": "2026-02-24",
        "equity": 8940.88
      },
      {
        "date": "2026-02-25",
        "equity": 9103.51
      },
      {
        "date": "2026-02-26",
        "equity": 8896.61
      },
      {
        "date": "2026-02-27",
        "equity": 8690.43
      },
      {
        "date": "2026-03-02",
        "equity": 9064.54
      },
      {
        "date": "2026-03-03",
        "equity": 9468.01
      },
      {
        "date": "2026-03-04",
        "equity": 9731.01
      },
      {
        "date": "2026-03-05",
        "equity": 9631.89
      }
    ],
    "B": [
      {
        "date": "2026-02-04",
        "equity": 9854.95
      },
      {
        "date": "2026-02-05",
        "equity": 9611.16
      },
      {
        "date": "2026-02-06",
        "equity": 9423.96
      },
      {
        "date": "2026-02-09",
        "equity": 9525.54
      },
      {
        "date": "2026-02-10",
        "equity": 9354.22
      },
      {
        "date": "2026-02-11",
        "equity": 9347.5
      },
      {
        "date": "2026-02-12",
        "equity": 9096.96
      },
      {
        "date": "2026-02-13",
        "equity": 8855.1
      },
      {
        "date": "2026-02-17",
        "equity": 8128.57
      },
      {
        "date": "2026-02-18",
        "equity": 8200.89
      },
      {
        "date": "2026-02-19",
        "equity": 8356.1
      },
      {
        "date": "2026-02-20",
        "equity": 8392.3
      },
      {
        "date": "2026-02-23",
        "equity": 8133.6
      },
      {
        "date": "2026-02-24",
        "equity": 7586.51
      },
      {
        "date": "2026-02-25",
        "equity": 7282.93
      },
      {
        "date": "2026-02-26",
        "equity": 7167.01
      },
      {
        "date": "2026-02-27",
        "equity": 6795.32
      },
      {
        "date": "2026-03-02",
        "equity": 6350.91
      },
      {
        "date": "2026-03-03",
        "equity": 5592.93
      },
      {
        "date": "2026-03-04",
        "equity": 5783.97
      },
      {
        "date": "2026-03-05",
        "equity": 5400.68
      }
    ],
    "V": [
      {
        "date": "2026-02-04",