{
  "timestamp": "2026-02-27T23:21:16.525691",
  "strategies": {
    "A": {
      "name": "Mean Reversion",
      "metrics": {
        "total_profit": -1309.5700000000002,
        "total_return_pct": -13.095700000000003,
        "num_trades": 54,
        "win_rate": 51.85185185185185,
        "avg_win": 76.9475,
        "avg_loss": -133.2346153846154,
        "sharpe_ratio": -2.733034450359284,
        "max_drawdown_pct": 17.18060120668278,
        "profit_factor": 0.5775338471753124
      }
    },
    "B": {
      "name": "Volume Breakout",
      "metrics": {
        "total_profit": -3204.68,
        "total_return_pct": -32.0468,
        "num_trades": 54,
        "win_rate": 29.629629629629626,
        "avg_win": 130.09375,
        "avg_loss": -139.10999999999996,
        "sharpe_ratio": -5.683795856367371,
        "max_drawdown_pct": 31.844719593595016,
        "profit_factor": 0.9351861835957159
      }
    },
    "V": {
      "name": "Trend Breakout",
      "metrics": {
        "total_profit": 3164.55,
        "total_return_pct": 31.645500000000006,
        "num_trades": 53,
        "win_rate": 56.60377358490566,
        "avg_win": 186.13933333333335,
        "avg_loss": -105.2013043478261,
        "sharpe_ratio": 3.7276930513194353,
        "max_drawdown_pct": 7.8445358921674275,
        "profit_factor": 1.7693633599627492
      }
    },
    "M": {
      "name": "Momentum",
      "metrics": {
        "total_profit": 8410.0,
        "total_return_pct": 84.1,
        "num_trades": 44,
        "win_rate": 47.72727272727273,
        "avg_win": 594.092857142857,
        "avg_loss": -176.7804347826087,
        "sharpe_ratio": 5.9739875812721515,
        "max_drawdown_pct": 5.8077942399593825,
        "profit_factor": 3.360625613764486
      }
    }
  },
  "signals": {
    "A": [
      {
        "ticker": "NGG",
        "action": "Long",
        "allocation_usd": 10000,
        "sl_factor": 3.2,
        "z_score": 0.22,
        "prev_return_pct": null,
        "vol_ratio": 0.8,
        "ticker_group": "BIG + ETF"
      },
      {
        "ticker": "TD",
        "action": "Long",
        "allocation_usd": 10000,
        "sl_factor": 0.6,
        "z_score": 0.16,
        "prev_return_pct": null,
        "vol_ratio": 1.55,
        "ticker_group": "BIG + ETF"
      },
      {
        "ticker": "SPG",
        "action": "Long",
        "allocation_usd": 10000,
        "sl_factor": 3.2,
        "z_score": 0.12,
        "prev_return_pct": null,
        "vol_ratio": 0.63,
        "ticker_group": "BIG + ETF"
      }
    ],
    "B": [
      {
        "ticker": "RELX",
        "action": "Short",
        "allocation_usd": 10000,
        "sl_factor": 0.4,
        "z_score": 0.18,
        "prev_return_pct": null,
        "vol_ratio": 1.9,
        "ticker_group": "BIG + ETF"
      },
      {
        "ticker": "KKR",
        "action": "Short",
        "allocation_usd": 10000,
        "sl_factor": 0.6,
        "z_score": 0.13,
        "prev_return_pct": null,
        "vol_ratio": 1.58,
        "ticker_group": "BIG + ETF"
      },
      {
        "ticker": "AMX",
        "action": "Long",
        "allocation_usd": 10000,
        "sl_factor": 0.4,
        "z_score": 0.12,
        "prev_return_pct": null,
        "vol_ratio": 1.74,
        "ticker_group": "BIG + ETF"
      }
    ],
    "V": [
      {
        "ticker": "UUGRY",
        "action": "Long",
        "allocation_usd": 10000,
        "sl_factor": 3.2,
        "z_score": 0.2,
        "prev_return_pct": null,
        "vol_ratio": 2.18,
        "ticker_group": "SMALL"
      },
      {
        "ticker": "ULS",
        "action": "Long",
        "allocation_usd": 10000,
        "sl_factor": 0.8,
        "z_score": 0.17,
        "prev_return_pct": null,
        "vol_ratio": 0.6,
        "ticker_group": "SMALL"
      },
      {
        "ticker": "JBL",
        "action": "Long",
        "allocation_usd": 10000,
        "sl_factor": 0.4,
        "z_score": 0.09,
        "prev_return_pct": null,
        "vol_ratio": 0.86,
        "ticker_group": "SMALL"
      }
    ],
    "M": [
      {
        "ticker": "DUOL",
        "action": "Long",
        "allocation_usd": 10000,
        "sl_factor": 0.6,
        "z_score": null,
        "prev_return_pct": 9.71,
        "vol_ratio": 2.72,
        "ticker_group": "SMALL"
      },
      {
        "ticker": "NJDCY",
        "action": "Long",
        "allocation_usd": 10000,
        "sl_factor": 0.4,
        "z_score": null,
        "prev_return_pct": 9.04,
        "vol_ratio": 1.38,
        "ticker_group": "SMALL"
      },
      {
        "ticker": "WLK",
        "action": "Long",
        "allocation_usd": 10000,
        "sl_factor": 3.2,
        "z_score": null,
        "prev_return_pct": 7.31,
        "vol_ratio": 0.61,
        "ticker_group": "SMALL"
      }
    ]
  },
  "equity": {
    "A": [
      {
        "date": "2026-02-04",
        "equity": 10223.69
      },
      {
        "date": "2026-02-05",
        "equity": 10148.22
      },
      {
        "date": "2026-02-06",
        "equity": 10481.13
      },
      {
        "date": "2026-02-09",
        "equity": 10206.79
      },
      {
        "date": "2026-02-10",
        "equity": 9947.81
      },
      {
        "date": "2026-02-11",
        "equity": 10129.36
      },
      {
        "date": "2026-02-12",
        "equity": 9833.96
      },
      {
        "date": "2026-02-13",
        "equity": 9862.44
      },
      {
        "date": "2026-02-17",
        "equity": 10023.26
      },
      {
        "date": "2026-02-18",
        "equity": 8885.83
      },
      {
        "date": "2026-02-19",
        "equity": 8905.34
      },
      {
        "date": "2026-02-20",
        "equity": 9101.39
      },
      {
        "date": "2026-02-23",
        "equity": 8935.57
      },
      {
        "date": "2026-02-24",
        "equity": 8940.88
      },
      {
        "date": "2026-02-25",
        "equity": 9103.51
      },
      {
        "date": "2026-02-26",
        "equity": 8896.61
      },
      {
        "date": "2026-02-27",
        "equity": 8690.43
      }
    ],
    "B": [
      {
        "date": "2026-02-04",
        "equity": 9854.95
      },
      {
        "date": "2026-02-05",
        "equity": 9611.16
      },
      {
        "date": "2026-02-06",
        "equity": 9423.96
      },
      {
        "date": "2026-02-09",
        "equity": 9525.54
      },
      {
        "date": "2026-02-10",
        "equity": 9354.22
      },
      {
        "date": "2026-02-11",
        "equity": 9347.5
      },
      {
        "date": "2026-02-12",
        "equity": 9096.96
      },
      {
        "date": "2026-02-13",
        "equity": 8855.1
      },
      {
        "date": "2026-02-17",
        "equity": 8128.57
      },
      {
        "date": "2026-02-18",
        "equity": 8200.89
      },
      {
        "date": "2026-02-19",
        "equity": 8356.1
      },
      {
        "date": "2026-02-20",
        "equity": 8392.3
      },
      {
        "date": "2026-02-23",
        "equity": 8133.6
      },
      {
        "date": "2026-02-24",
        "equity": 7586.51
      },
      {
        "date": "2026-02-25",
        "equity": 7282.93
      },
      {
        "date": "2026-02-26",
        "equity": 7167.01
      },
      {
        "date": "2026-02-27",
        "equity": 6795.32
      }
    ],
    "V": [
      {
        "date": "2026-02-04",
        "equity": 9799.16
      },
      {
        "date": "2026-02-05",
        "equity": 9920.44
      },
      {
        "date": "2026-02-06",
        "equity": 10105.91
      },
      {
        "date": "2026-02-09",
        "equity": 10444.34
      },
      {
        "date": "2026-02-10",
        "equity": 10297.56
      },
      {
        "date": "2026-02-11",
        "equity": 10242.95
      },
      {
        "date": "2026-02-12",
        "equity": 9625.03
      },
      {
        "date": "2026-02-13",
        "equity": 11276.72
      },
      {
        "date": "2026-02-17",