{
  "timestamp": "2026-04-17T23:34:53.672933",
  "strategies": {
    "A": {
      "name": "Mean Reversion",
      "metrics": {
        "total_profit": -70.26000000000022,
        "total_return_pct": -0.7026000000000022,
        "num_trades": 156,
        "win_rate": 54.48717948717948,
        "avg_win": 110.39494117647058,
        "avg_loss": -133.15253521126758,
        "sharpe_ratio": -0.04390933932693358,
        "max_drawdown_pct": 17.523062752414923,
        "profit_factor": 0.8290862881529933
      }
    },
    "B": {
      "name": "Volume Breakout",
      "metrics": {
        "total_profit": -4230.820000000001,
        "total_return_pct": -42.30820000000001,
        "num_trades": 158,
        "win_rate": 38.607594936708864,
        "avg_win": 133.31295081967212,
        "avg_loss": -127.45268041237115,
        "sharpe_ratio": -2.5211340828033255,
        "max_drawdown_pct": 52.93745956761799,
        "profit_factor": 1.0459799698863936
      }
    },
    "V": {
      "name": "Trend Breakout",
      "metrics": {
        "total_profit": 3456.6899999999996,
        "total_return_pct": 34.5669,
        "num_trades": 158,
        "win_rate": 53.16455696202531,
        "avg_win": 150.3954761904762,
        "avg_loss": -124.00716216216215,
        "sharpe_ratio": 1.6539410790487608,
        "max_drawdown_pct": 27.739550141287967,
        "profit_factor": 1.2127966930958913
      }
    },
    "M": {
      "name": "Momentum",
      "metrics": {
        "total_profit": 10705.21,
        "total_return_pct": 107.05209999999998,
        "num_trades": 141,
        "win_rate": 43.97163120567376,
        "avg_win": 502.4585483870968,
        "avg_loss": -258.8255696202532,
        "sharpe_ratio": 2.3723581209499303,
        "max_drawdown_pct": 32.57601133964792,
        "profit_factor": 1.9413018162166125
      }
    }
  },
  "signals": {
    "A": [
      {
        "ticker": "RY",
        "action": "Long",
        "allocation_usd": 10000,
        "sl_factor": 0.8,
        "z_score": 0.2,
        "prev_return_pct": null,
        "vol_ratio": 1.52,
        "ticker_group": "BIG + ETF"
      },
      {
        "ticker": "CPNG",
        "action": "Long",
        "allocation_usd": 10000,
        "sl_factor": 1.6,
        "z_score": 0.19,
        "prev_return_pct": null,
        "vol_ratio": 0.91,
        "ticker_group": "BIG + ETF"
      },
      {
        "ticker": "TD",
        "action": "Long",
        "allocation_usd": 10000,
        "sl_factor": 0.6,
        "z_score": 0.17,
        "prev_return_pct": null,
        "vol_ratio": 0.62,
        "ticker_group": "BIG + ETF"
      }
    ],
    "B": [
      {
        "ticker": "HOOD",
        "action": "Short",
        "allocation_usd": 10000,
        "sl_factor": 1.6,
        "z_score": 0.14,
        "prev_return_pct": null,
        "vol_ratio": 1.67,
        "ticker_group": "BIG + ETF"
      },
      {
        "ticker": "ABT",
        "action": "Short",
        "allocation_usd": 10000,
        "sl_factor": 3.2,
        "z_score": 0.12,
        "prev_return_pct": null,
        "vol_ratio": 1.97,
        "ticker_group": "BIG + ETF"
      },
      {
        "ticker": "AMD",
        "action": "Long",
        "allocation_usd": 10000,
        "sl_factor": 0.4,
        "z_score": 0.11,
        "prev_return_pct": null,
        "vol_ratio": 1.82,
        "ticker_group": "BIG + ETF"
      }
    ],
    "V": [
      {
        "ticker": "CHYM",
        "action": "Long",
        "allocation_usd": 10000,
        "sl_factor": 0.4,
        "z_score": 0.32,
        "prev_return_pct": null,
        "vol_ratio": 1.04,
        "ticker_group": "SMALL"
      },
      {
        "ticker": "SOTGY",
        "action": "Long",
        "allocation_usd": 10000,
        "sl_factor": 1.6,
        "z_score": 0.24,
        "prev_return_pct": null,
        "vol_ratio": 0.46,
        "ticker_group": "SMALL"
      },
      {
        "ticker": "TPG",
        "action": "Long",
        "allocation_usd": 10000,
        "sl_factor": 1.6,
        "z_score": 0.19,
        "prev_return_pct": null,
        "vol_ratio": 0.77,
        "ticker_group": "SMALL"
      }
    ],
    "M": [
      {
        "ticker": "FNMA",
        "action": "Long",
        "allocation_usd": 10000,
        "sl_factor": 3.2,
        "z_score": null,
        "prev_return_pct": 5.76,
        "vol_ratio": 0.45,
        "ticker_group": "SMALL"
      },
      {
        "ticker": "DLTR",
        "action": "Long",
        "allocation_usd": 10000,
        "sl_factor": 0.8,
        "z_score": null,
        "prev_return_pct": 5.4,
        "vol_ratio": 0.93,
        "ticker_group": "SMALL"
      },
      {
        "ticker": "JHX",
        "action": "Long",
        "allocation_usd": 10000,
        "sl_factor": 3.2,
        "z_score": null,
        "prev_return_pct": 5.17,
        "vol_ratio": 0.78,
        "ticker_group": "SMALL"
      }
    ]
  },
  "equity": {
    "A": [
      {
        "date": "2026-02-04",
        "equity": 10223.69
      },
      {
        "date": "2026-02-05",
        "equity": 10148.22
      },
      {
        "date": "2026-02-06",
        "equity": 10481.13
      },
      {
        "date": "2026-02-09",
        "equity": 10206.79
      },
      {
        "date": "2026-02-10",
        "equity": 9947.81
      },
      {
        "date": "2026-02-11",
        "equity": 10129.36
      },
      {
        "date": "2026-02-12",
        "equity": 9833.96
      },
      {
        "date": "2026-02-13",
        "equity": 9862.44
      },
      {
        "date": "2026-02-17",
        "equity": 10023.26
      },
      {
        "date": "2026-02-18",
        "equity": 8885.83
      },
      {
        "date": "2026-02-19",
        "equity": 8905.34
      },
      {
        "date": "2026-02-20",
        "equity": 9101.39
      },
      {
        "date": "2026-02-23",
        "equity": 8935.57
      },
      {
        "date": "2026-02-24",
        "equity": 8940.88
      },
      {
        "date": "2026-02-25",
        "equity": 9103.51
      },
      {
        "date": "2026-02-26",
        "equity": 8896.61
      },
      {
        "date": "2026-02-27",
        "equity": 8690.43
      },
      {
        "date": "2026-03-02",
        "equity": 9064.54
      },
      {
        "date": "2026-03-03",
        "equity": 9468.01
      },
      {
        "date": "2026-03-04",
        "equity": 9731.01
      },
      {
        "date": "2026-03-05",
        "equity": 9631.89
      },
      {
        "date": "2026-03-06",
        "equity": 10116.57
      },
      {
        "date": "2026-03-09",
        "equity": 10532.5
      },
      {
        "date": "2026-03-10",
        "equity": 10138.75
      },
      {
        "date": "2026-03-11",
        "equity": 10149.56
      },
      {
        "date": "2026-03-12",
        "equity": 10044.67
      },
      {
        "date": "2026-03-13",
        "equity": 9790.81
      },
      {
        "date": "2026-03-16",
        "equity": 9887.58
      },
      {
        "date": "2026-03-17",
        "equity": 9687.28
      },
      {
        "date": "2026-03-18",
        "equity": 9263.39
      },
      {
        "date": "2026-03-19",
        "equity": 9399.11
      },
      {
        "date": "2026-03-20",
        "equity": 8730.39
      },
      {
        "date": "2026-03-23",
        "equity": 9405.85
      },
      {
        "date": "2026-03-24",
        "equity": 10139.64
      },
      {
        "date": "2026-03-25",
        "equity": 9955.01
      },
      {
        "date": "2026-03-26",
        "equity": 9569.44
      },
      {
        "date": "2026-03-27",
        "equity": 9362.93
      },
      {
        "date": "2026-03-30",
        "equity": 9213.66
      },
      {
        "date": "2026-03-31",
        "equity": 8965.37
      },
      {
        "date": "2026-04-01",
        "equity": 8954.78
      },
      {
        "date": "2026-04-02",
        "equity": 9633.71
      },
      {
        "date": "2026-04-06",