{
  "timestamp": "2026-04-05T23:29:14.859701",
  "strategies": {
    "A": {
      "name": "Mean Reversion",
      "metrics": {
        "total_profit": -366.29000000000053,
        "total_return_pct": -3.662900000000005,
        "num_trades": 126,
        "win_rate": 53.96825396825397,
        "avg_win": 116.36132352941178,
        "avg_loss": -142.73896551724138,
        "sharpe_ratio": -0.267056274962255,
        "max_drawdown_pct": 17.523062752414923,
        "profit_factor": 0.8152036348852236
      }
    },
    "B": {
      "name": "Volume Breakout",
      "metrics": {
        "total_profit": -5075.47,
        "total_return_pct": -50.7547,
        "num_trades": 129,
        "win_rate": 36.434108527131784,
        "avg_win": 125.93468085106386,
        "avg_loss": -134.0780487804878,
        "sharpe_ratio": -3.802587526273593,
        "max_drawdown_pct": 52.93745956761799,
        "profit_factor": 0.9392639734580548
      }
    },
    "V": {
      "name": "Trend Breakout",
      "metrics": {
        "total_profit": 959.25,
        "total_return_pct": 9.5925,
        "num_trades": 128,
        "win_rate": 53.125,
        "avg_win": 142.69544117647058,
        "avg_loss": -145.734,
        "sharpe_ratio": 0.5532847014962194,
        "max_drawdown_pct": 27.739550141287967,
        "profit_factor": 0.9791499662156434
      }
    },
    "M": {
      "name": "Momentum",
      "metrics": {
        "total_profit": 8955.179999999998,
        "total_return_pct": 89.55179999999999,
        "num_trades": 114,
        "win_rate": 44.73684210526316,
        "avg_win": 497.65568627450983,
        "avg_loss": -260.7184126984127,
        "sharpe_ratio": 2.430199035423526,
        "max_drawdown_pct": 32.57601133964792,
        "profit_factor": 1.9087861157323611
      }
    }
  },
  "signals": {
    "A": [
      {
        "ticker": "UBS",
        "action": "Long",
        "allocation_usd": 10000,
        "sl_factor": 0.4,
        "z_score": 0.09,
        "prev_return_pct": null,
        "vol_ratio": 1.41,
        "ticker_group": "BIG + ETF"
      },
      {
        "ticker": "NWG",
        "action": "Long",
        "allocation_usd": 10000,
        "sl_factor": 0.4,
        "z_score": 0.09,
        "prev_return_pct": null,
        "vol_ratio": 1.28,
        "ticker_group": "BIG + ETF"
      },
      {
        "ticker": "AMX",
        "action": "Long",
        "allocation_usd": 10000,
        "sl_factor": 0.4,
        "z_score": 0.09,
        "prev_return_pct": null,
        "vol_ratio": 0.57,
        "ticker_group": "BIG + ETF"
      }
    ],
    "B": [
      {
        "ticker": "CFRUY",
        "action": "Long",
        "allocation_usd": 10000,
        "sl_factor": 3.2,
        "z_score": 0.14,
        "prev_return_pct": null,
        "vol_ratio": 1.54,
        "ticker_group": "BIG + ETF"
      },
      {
        "ticker": "LLY",
        "action": "Long",
        "allocation_usd": 10000,
        "sl_factor": 0.4,
        "z_score": 0.13,
        "prev_return_pct": null,
        "vol_ratio": 2.07,
        "ticker_group": "BIG + ETF"
      },
      {
        "ticker": "UL",
        "action": "Long",
        "allocation_usd": 10000,
        "sl_factor": 0.4,
        "z_score": 0.13,
        "prev_return_pct": null,
        "vol_ratio": 2.5,
        "ticker_group": "BIG + ETF"
      }
    ],
    "V": [
      {
        "ticker": "PUGBY",
        "action": "Long",
        "allocation_usd": 10000,
        "sl_factor": 1.6,
        "z_score": 0.3,
        "prev_return_pct": null,
        "vol_ratio": 0.43,
        "ticker_group": "SMALL"
      },
      {
        "ticker": "ARNNY",
        "action": "Long",
        "allocation_usd": 10000,
        "sl_factor": 1.6,
        "z_score": 0.29,
        "prev_return_pct": null,
        "vol_ratio": 0.62,
        "ticker_group": "SMALL"
      },
      {
        "ticker": "EDPFY",
        "action": "Long",
        "allocation_usd": 10000,
        "sl_factor": 1.6,
        "z_score": 0.18,
        "prev_return_pct": null,
        "vol_ratio": 1.05,
        "ticker_group": "SMALL"
      }
    ],
    "M": [
      {
        "ticker": "SBAC",
        "action": "Long",
        "allocation_usd": 10000,
        "sl_factor": 3.2,
        "z_score": null,
        "prev_return_pct": 19.02,
        "vol_ratio": 1.04,
        "ticker_group": "SMALL"
      },
      {
        "ticker": "ASTS",
        "action": "Long",
        "allocation_usd": 10000,
        "sl_factor": 1.6,
        "z_score": null,
        "prev_return_pct": 16.94,
        "vol_ratio": 0.97,
        "ticker_group": "SMALL"
      },
      {
        "ticker": "NBIS",
        "action": "Long",
        "allocation_usd": 10000,
        "sl_factor": 0.8,
        "z_score": null,
        "prev_return_pct": 12.87,
        "vol_ratio": 0.8,
        "ticker_group": "SMALL"
      }
    ]
  },
  "equity": {
    "A": [
      {
        "date": "2026-02-04",
        "equity": 10223.69
      },
      {
        "date": "2026-02-05",
        "equity": 10148.22
      },
      {
        "date": "2026-02-06",
        "equity": 10481.13
      },
      {
        "date": "2026-02-09",
        "equity": 10206.79
      },
      {
        "date": "2026-02-10",
        "equity": 9947.81
      },
      {
        "date": "2026-02-11",
        "equity": 10129.36
      },
      {
        "date": "2026-02-12",
        "equity": 9833.96
      },
      {
        "date": "2026-02-13",
        "equity": 9862.44
      },
      {
        "date": "2026-02-17",
        "equity": 10023.26
      },
      {
        "date": "2026-02-18",
        "equity": 8885.83
      },
      {
        "date": "2026-02-19",
        "equity": 8905.34
      },
      {
        "date": "2026-02-20",
        "equity": 9101.39
      },
      {
        "date": "2026-02-23",
        "equity": 8935.57
      },
      {
        "date": "2026-02-24",
        "equity": 8940.88
      },
      {
        "date": "2026-02-25",
        "equity": 9103.51
      },
      {
        "date": "2026-02-26",
        "equity": 8896.61
      },
      {
        "date": "2026-02-27",
        "equity": 8690.43
      },
      {
        "date": "2026-03-02",
        "equity": 9064.54
      },
      {
        "date": "2026-03-03",
        "equity": 9468.01
      },
      {
        "date": "2026-03-04",
        "equity": 9731.01
      },
      {
        "date": "2026-03-05",
        "equity": 9631.89
      },
      {
        "date": "2026-03-06",
        "equity": 10116.57
      },
      {
        "date": "2026-03-09",
        "equity": 10532.5
      },
      {
        "date": "2026-03-10",
        "equity": 10138.75
      },
      {
        "date": "2026-03-11",
        "equity": 10149.56
      },
      {
        "date": "2026-03-12",
        "equity": 10044.67
      },
      {
        "date": "2026-03-13",
        "equity": 9790.81
      },
      {
        "date": "2026-03-16",
        "equity": 9887.58
      },
      {
        "date": "2026-03-17",
        "equity": 9687.28
      },
      {
        "date": "2026-03-18",
        "equity": 9263.39
      },
      {
        "date": "2026-03-19",
        "equity": 9399.11
      },
      {
        "date": "2026-03-20",
        "equity": 8730.39
      },
      {
        "date": "2026-03-23",
        "equity": 9405.85
      },
      {
        "date": "2026-03-24",
        "equity": 10139.64
      },
      {
        "date": "2026-03-25",
        "equity": 9955.01
      },
      {
        "date": "2026-03-26",
        "equity": 9569.44
      },
      {
        "date": "2026-03-27",
        "equity": 9362.93
      },
      {
        "date": "2026-03-30",
        "equity": 9213.66
      },
      {
        "date": "2026-03-31",
        "equity": 8965.37
      },
      {
        "date": "2026-04-01",
        "equity": 8954.78
      },
      {
        "date": "2026-04-02",
        "equity": 9633.71
      }
    ],
    "B": [
      {
        "date": "2026-02-04",