{
  "timestamp": "2026-03-02T23:21:53.356642",
  "strategies": {
    "A": {
      "name": "Mean Reversion",
      "metrics": {
        "total_profit": -935.4600000000002,
        "total_return_pct": -9.354600000000001,
        "num_trades": 57,
        "win_rate": 54.385964912280706,
        "avg_win": 81.56903225806452,
        "avg_loss": -133.2346153846154,
        "sharpe_ratio": -1.8234694442912642,
        "max_drawdown_pct": 17.18060120668278,
        "profit_factor": 0.6122210209606181
      }
    },
    "B": {
      "name": "Volume Breakout",
      "metrics": {
        "total_profit": -3649.0899999999997,
        "total_return_pct": -36.490899999999996,
        "num_trades": 57,
        "win_rate": 29.82456140350877,
        "avg_win": 125.28294117647059,
        "avg_loss": -144.4725,
        "sharpe_ratio": -6.050520447249173,
        "max_drawdown_pct": 36.78657218653309,
        "profit_factor": 0.8671750068453898
      }
    },
    "V": {
      "name": "Trend Breakout",
      "metrics": {
        "total_profit": 3347.7300000000005,
        "total_return_pct": 33.47730000000001,
        "num_trades": 56,
        "win_rate": 57.14285714285714,
        "avg_win": 180.460625,
        "avg_loss": -101.12541666666668,
        "sharpe_ratio": 3.8315274898648544,
        "max_drawdown_pct": 7.8445358921674275,
        "profit_factor": 1.7845229315083164
      }
    },
    "M": {
      "name": "Momentum",
      "metrics": {
        "total_profit": 8981.07,
        "total_return_pct": 89.8107,
        "num_trades": 46,
        "win_rate": 50.0,
        "avg_win": 567.2617391304346,
        "avg_loss": -176.7804347826087,
        "sharpe_ratio": 6.233642096005927,
        "max_drawdown_pct": 5.8077942399593825,
        "profit_factor": 3.208849100456227
      }
    }
  },
  "signals": {
    "A": [
      {
        "ticker": "NGG",
        "action": "Long",
        "allocation_usd": 10000,
        "sl_factor": 3.2,
        "z_score": 0.22,
        "prev_return_pct": null,
        "vol_ratio": 0.72,
        "ticker_group": "BIG + ETF"
      },
      {
        "ticker": "TAK",
        "action": "Long",
        "allocation_usd": 10000,
        "sl_factor": 1.6,
        "z_score": 0.16,
        "prev_return_pct": null,
        "vol_ratio": 0.74,
        "ticker_group": "BIG + ETF"
      },
      {
        "ticker": "SPG",
        "action": "Long",
        "allocation_usd": 10000,
        "sl_factor": 3.2,
        "z_score": 0.12,
        "prev_return_pct": null,
        "vol_ratio": 1.2,
        "ticker_group": "BIG + ETF"
      }
    ],
    "B": [
      {
        "ticker": "KKR",
        "action": "Short",
        "allocation_usd": 10000,
        "sl_factor": 0.6,
        "z_score": 0.13,
        "prev_return_pct": null,
        "vol_ratio": 2.06,
        "ticker_group": "BIG + ETF"
      },
      {
        "ticker": "APO",
        "action": "Short",
        "allocation_usd": 10000,
        "sl_factor": 0.4,
        "z_score": 0.12,
        "prev_return_pct": null,
        "vol_ratio": 2.35,
        "ticker_group": "BIG + ETF"
      },
      {
        "ticker": "ROST",
        "action": "Long",
        "allocation_usd": 10000,
        "sl_factor": 0.6,
        "z_score": 0.1,
        "prev_return_pct": null,
        "vol_ratio": 1.86,
        "ticker_group": "BIG + ETF"
      }
    ],
    "V": [
      {
        "ticker": "UUGRY",
        "action": "Long",
        "allocation_usd": 10000,
        "sl_factor": 3.2,
        "z_score": 0.2,
        "prev_return_pct": null,
        "vol_ratio": 0.47,
        "ticker_group": "SMALL"
      },
      {
        "ticker": "ULS",
        "action": "Long",
        "allocation_usd": 10000,
        "sl_factor": 0.8,
        "z_score": 0.17,
        "prev_return_pct": null,
        "vol_ratio": 0.63,
        "ticker_group": "SMALL"
      },
      {
        "ticker": "BSY",
        "action": "Long",
        "allocation_usd": 10000,
        "sl_factor": 1.6,
        "z_score": 0.11,
        "prev_return_pct": null,
        "vol_ratio": 3.98,
        "ticker_group": "SMALL"
      }
    ],
    "M": [
      {
        "ticker": "HIMS",
        "action": "Long",
        "allocation_usd": 10000,
        "sl_factor": 0.4,
        "z_score": null,
        "prev_return_pct": 13.58,
        "vol_ratio": 0.59,
        "ticker_group": "SMALL"
      },
      {
        "ticker": "MP",
        "action": "Long",
        "allocation_usd": 10000,
        "sl_factor": 0.4,
        "z_score": null,
        "prev_return_pct": 10.97,
        "vol_ratio": 1.09,
        "ticker_group": "SMALL"
      },
      {
        "ticker": "ASTS",
        "action": "Long",
        "allocation_usd": 10000,
        "sl_factor": 1.6,
        "z_score": null,
        "prev_return_pct": 10.24,
        "vol_ratio": 1.72,
        "ticker_group": "SMALL"
      }
    ]
  },
  "equity": {
    "A": [
      {
        "date": "2026-02-04",
        "equity": 10223.69
      },
      {
        "date": "2026-02-05",
        "equity": 10148.22
      },
      {
        "date": "2026-02-06",
        "equity": 10481.13
      },
      {
        "date": "2026-02-09",
        "equity": 10206.79
      },
      {
        "date": "2026-02-10",
        "equity": 9947.81
      },
      {
        "date": "2026-02-11",
        "equity": 10129.36
      },
      {
        "date": "2026-02-12",
        "equity": 9833.96
      },
      {
        "date": "2026-02-13",
        "equity": 9862.44
      },
      {
        "date": "2026-02-17",
        "equity": 10023.26
      },
      {
        "date": "2026-02-18",
        "equity": 8885.83
      },
      {
        "date": "2026-02-19",
        "equity": 8905.34
      },
      {
        "date": "2026-02-20",
        "equity": 9101.39
      },
      {
        "date": "2026-02-23",
        "equity": 8935.57
      },
      {
        "date": "2026-02-24",
        "equity": 8940.88
      },
      {
        "date": "2026-02-25",
        "equity": 9103.51
      },
      {
        "date": "2026-02-26",
        "equity": 8896.61
      },
      {
        "date": "2026-02-27",
        "equity": 8690.43
      },
      {
        "date": "2026-03-02",
        "equity": 9064.54
      }
    ],
    "B": [
      {
        "date": "2026-02-04",
        "equity": 9854.95
      },
      {
        "date": "2026-02-05",
        "equity": 9611.16
      },
      {
        "date": "2026-02-06",
        "equity": 9423.96
      },
      {
        "date": "2026-02-09",
        "equity": 9525.54
      },
      {
        "date": "2026-02-10",
        "equity": 9354.22
      },
      {
        "date": "2026-02-11",
        "equity": 9347.5
      },
      {
        "date": "2026-02-12",
        "equity": 9096.96
      },
      {
        "date": "2026-02-13",
        "equity": 8855.1
      },
      {
        "date": "2026-02-17",
        "equity": 8128.57
      },
      {
        "date": "2026-02-18",
        "equity": 8200.89
      },
      {
        "date": "2026-02-19",
        "equity": 8356.1
      },
      {
        "date": "2026-02-20",
        "equity": 8392.3
      },
      {
        "date": "2026-02-23",
        "equity": 8133.6
      },
      {
        "date": "2026-02-24",
        "equity": 7586.51
      },
      {
        "date": "2026-02-25",
        "equity": 7282.93
      },
      {
        "date": "2026-02-26",
        "equity": 7167.01
      },
      {
        "date": "2026-02-27",
        "equity": 6795.32
      },
      {
        "date": "2026-03-02",
        "equity": 6350.91
      }
    ],
    "V": [
      {
        "date": "2026-02-04",
        "equity": 9799.16
      },
      {
        "date": "2026-02-05",
        "equity": 9920.44
      },
      {
        "date": "2026-02-06",
        "equity": 10105.91
      },
      {
        "date": "2026-02-09",
        "equity": 10444.34
      },
      {
        "date": "2026-02-10",
        "equity": 10297.56
      },
      {
        "date": "2026-02-11",