{
  "timestamp": "2026-02-16T23:25:52.010032",
  "strategies": {
    "A": {
      "name": "Mean Reversion",
      "metrics": {
        "total_profit": -137.56000000000006,
        "total_return_pct": -1.3756000000000006,
        "num_trades": 27,
        "win_rate": 62.96296296296296,
        "avg_win": 68.96411764705883,
        "avg_loss": -130.99499999999998,
        "sharpe_ratio": -0.7331231490932422,
        "max_drawdown_pct": 7.770248055174626,
        "profit_factor": 0.5264637401966399
      }
    },
    "B": {
      "name": "Volume Breakout",
      "metrics": {
        "total_profit": -1144.9,
        "total_return_pct": -11.449000000000002,
        "num_trades": 27,
        "win_rate": 33.33333333333333,
        "avg_win": 174.0188888888889,
        "avg_loss": -150.615,
        "sharpe_ratio": -3.5483777562522665,
        "max_drawdown_pct": 11.18566549820217,
        "profit_factor": 1.155388831715891
      }
    },
    "V": {
      "name": "Trend Breakout",
      "metrics": {
        "total_profit": 1276.7200000000003,
        "total_return_pct": 12.767200000000004,
        "num_trades": 27,
        "win_rate": 59.25925925925925,
        "avg_win": 156.82500000000002,
        "avg_loss": -112.04363636363637,
        "sharpe_ratio": 3.7638011627790653,
        "max_drawdown_pct": 7.8445358921674275,
        "profit_factor": 1.399677885239517
      }
    },
    "M": {
      "name": "Momentum",
      "metrics": {
        "total_profit": 8525.86,
        "total_return_pct": 85.2586,
        "num_trades": 23,
        "win_rate": 60.86956521739131,
        "avg_win": 747.4700000000001,
        "avg_loss": -215.41333333333333,
        "sharpe_ratio": 9.731253988187081,
        "max_drawdown_pct": 5.8077942399593825,
        "profit_factor": 3.4699337707353313
      }
    }
  },
  "signals": {
    "A": [
      {
        "ticker": "NGG",
        "action": "Long",
        "allocation_usd": 10000,
        "sl_factor": 3.2,
        "z_score": 0.22,
        "prev_return_pct": null,
        "vol_ratio": 2.65,
        "ticker_group": "BIG + ETF"
      },
      {
        "ticker": "TAK",
        "action": "Long",
        "allocation_usd": 10000,
        "sl_factor": 1.6,
        "z_score": 0.17,
        "prev_return_pct": null,
        "vol_ratio": 0.81,
        "ticker_group": "BIG + ETF"
      },
      {
        "ticker": "SMFG",
        "action": "Long",
        "allocation_usd": 10000,
        "sl_factor": 0.8,
        "z_score": 0.16,
        "prev_return_pct": null,
        "vol_ratio": 1.51,
        "ticker_group": "BIG + ETF"
      }
    ],
    "B": [
      {
        "ticker": "RELX",
        "action": "Long",
        "allocation_usd": 10000,
        "sl_factor": 0.4,
        "z_score": 0.19,
        "prev_return_pct": null,
        "vol_ratio": 1.73,
        "ticker_group": "BIG + ETF"
      },
      {
        "ticker": "DE",
        "action": "Short",
        "allocation_usd": 10000,
        "sl_factor": 1.6,
        "z_score": 0.18,
        "prev_return_pct": null,
        "vol_ratio": 1.77,
        "ticker_group": "BIG + ETF"
      },
      {
        "ticker": "ALNY",
        "action": "Short",
        "allocation_usd": 10000,
        "sl_factor": 3.2,
        "z_score": 0.17,
        "prev_return_pct": null,
        "vol_ratio": 1.74,
        "ticker_group": "BIG + ETF"
      }
    ],
    "V": [
      {
        "ticker": "RSHGY",
        "action": "Long",
        "allocation_usd": 10000,
        "sl_factor": 1.6,
        "z_score": 0.34,
        "prev_return_pct": null,
        "vol_ratio": 0.75,
        "ticker_group": "SMALL"
      },
      {
        "ticker": "NCLTY",
        "action": "Long",
        "allocation_usd": 10000,
        "sl_factor": 0.4,
        "z_score": 0.22,
        "prev_return_pct": null,
        "vol_ratio": 0.35,
        "ticker_group": "SMALL"
      },
      {
        "ticker": "UUGRY",
        "action": "Long",
        "allocation_usd": 10000,
        "sl_factor": 0.4,
        "z_score": 0.19,
        "prev_return_pct": null,
        "vol_ratio": 0.83,
        "ticker_group": "SMALL"
      }
    ],
    "M": [
      {
        "ticker": "NJDCY",
        "action": "Long",
        "allocation_usd": 10000,
        "sl_factor": 0.4,
        "z_score": null,
        "prev_return_pct": 22.7,
        "vol_ratio": 0.38,
        "ticker_group": "SMALL"
      },
      {
        "ticker": "ICLR",
        "action": "Long",
        "allocation_usd": 10000,
        "sl_factor": 3.2,
        "z_score": null,
        "prev_return_pct": 14.11,
        "vol_ratio": 10.47,
        "ticker_group": "SMALL"
      },
      {
        "ticker": "NBIS",
        "action": "Long",
        "allocation_usd": 10000,
        "sl_factor": 1.6,
        "z_score": null,
        "prev_return_pct": 9.07,
        "vol_ratio": 1.82,
        "ticker_group": "SMALL"
      }
    ]
  },
  "equity": {
    "A": [
      {
        "date": "2026-02-04",
        "equity": 10223.69
      },
      {
        "date": "2026-02-05",
        "equity": 10148.22
      },
      {
        "date": "2026-02-06",
        "equity": 10481.13
      },
      {
        "date": "2026-02-09",
        "equity": 10206.79
      },
      {
        "date": "2026-02-10",
        "equity": 9947.81
      },
      {
        "date": "2026-02-11",
        "equity": 10129.36
      },
      {
        "date": "2026-02-12",
        "equity": 9833.96
      },
      {
        "date": "2026-02-13",
        "equity": 9862.44
      }
    ],
    "B": [
      {
        "date": "2026-02-04",
        "equity": 9854.95
      },
      {
        "date": "2026-02-05",
        "equity": 9611.16
      },
      {
        "date": "2026-02-06",
        "equity": 9423.96
      },
      {
        "date": "2026-02-09",
        "equity": 9525.54
      },
      {
        "date": "2026-02-10",
        "equity": 9354.22
      },
      {
        "date": "2026-02-11",
        "equity": 9347.5
      },
      {
        "date": "2026-02-12",
        "equity": 9096.96
      },
      {
        "date": "2026-02-13",
        "equity": 8855.1
      }
    ],
    "V": [
      {
        "date": "2026-02-04",
        "equity": 9799.16
      },
      {
        "date": "2026-02-05",
        "equity": 9920.44
      },
      {
        "date": "2026-02-06",
        "equity": 10105.91
      },
      {
        "date": "2026-02-09",
        "equity": 10444.34
      },
      {
        "date": "2026-02-10",
        "equity": 10297.56
      },
      {
        "date": "2026-02-11",
        "equity": 10242.95
      },
      {
        "date": "2026-02-12",
        "equity": 9625.03
      },
      {
        "date": "2026-02-13",
        "equity": 11276.72
      }
    ],
    "M": [
      {
        "date": "2026-02-04",
        "equity": 11024.63
      },
      {
        "date": "2026-02-05",
        "equity": 14892.66
      },
      {
        "date": "2026-02-06",
        "equity": 15431.03
      },
      {
        "date": "2026-02-09",
        "equity": 16065.03
      },
      {
        "date": "2026-02-10",
        "equity": 17024.88
      },
      {
        "date": "2026-02-11",
        "equity": 16164.6
      },
      {
        "date": "2026-02-12",
        "equity": 16204.03
      },
      {
        "date": "2026-02-13",
        "equity": 18525.86
      }
    ]
  }
}