{
  "timestamp": "2026-03-25T23:31:14.871762",
  "strategies": {
    "A": {
      "name": "Mean Reversion",
      "metrics": {
        "total_profit": -44.99000000000035,
        "total_return_pct": -0.4499000000000035,
        "num_trades": 106,
        "win_rate": 54.71698113207547,
        "avg_win": 115.38155172413794,
        "avg_loss": -140.35666666666668,
        "sharpe_ratio": -0.038680393204249236,
        "max_drawdown_pct": 17.523062752414923,
        "profit_factor": 0.8220596460740821
      }
    },
    "B": {
      "name": "Volume Breakout",
      "metrics": {
        "total_profit": -4094.1400000000003,
        "total_return_pct": -40.94140000000001,
        "num_trades": 108,
        "win_rate": 37.03703703703704,
        "avg_win": 129.43225,
        "avg_loss": -136.3445588235294,
        "sharpe_ratio": -3.5187617650383554,
        "max_drawdown_pct": 52.93745956761799,
        "profit_factor": 0.9493026426344157
      }
    },
    "V": {
      "name": "Trend Breakout",
      "metrics": {
        "total_profit": 2240.8399999999992,
        "total_return_pct": 22.408399999999993,
        "num_trades": 107,
        "win_rate": 56.074766355140184,
        "avg_win": 151.67416666666668,
        "avg_loss": -145.94914893617022,
        "sharpe_ratio": 1.478426445245044,
        "max_drawdown_pct": 20.69558527368588,
        "profit_factor": 1.0392261124660636
      }
    },
    "M": {
      "name": "Momentum",
      "metrics": {
        "total_profit": 4913.169999999999,
        "total_return_pct": 49.13169999999999,
        "num_trades": 93,
        "win_rate": 43.01075268817204,
        "avg_win": 451.23249999999996,
        "avg_loss": -247.8515094339623,
        "sharpe_ratio": 1.8306774945572475,
        "max_drawdown_pct": 26.87866650101721,
        "profit_factor": 1.8205759611087888
      }
    }
  },
  "signals": {
    "A": [
      {
        "ticker": "GEV",
        "action": "Long",
        "allocation_usd": 10000,
        "sl_factor": 3.2,
        "z_score": 0.25,
        "prev_return_pct": null,
        "vol_ratio": 1.06,
        "ticker_group": "BIG + ETF"
      },
      {
        "ticker": "CTVA",
        "action": "Long",
        "allocation_usd": 10000,
        "sl_factor": 3.2,
        "z_score": 0.06,
        "prev_return_pct": null,
        "vol_ratio": 1.08,
        "ticker_group": "BIG + ETF"
      },
      {
        "ticker": "ROST",
        "action": "Long",
        "allocation_usd": 10000,
        "sl_factor": 0.4,
        "z_score": 0.05,
        "prev_return_pct": null,
        "vol_ratio": 0.88,
        "ticker_group": "BIG + ETF"
      }
    ],
    "B": [
      {
        "ticker": "ARM",
        "action": "Short",
        "allocation_usd": 10000,
        "sl_factor": 0.4,
        "z_score": 0.06,
        "prev_return_pct": null,
        "vol_ratio": 2.26,
        "ticker_group": "BIG + ETF"
      },
      {
        "ticker": "PDD",
        "action": "Long",
        "allocation_usd": 10000,
        "sl_factor": 0.4,
        "z_score": 0.06,
        "prev_return_pct": null,
        "vol_ratio": 1.63,
        "ticker_group": "BIG + ETF"
      },
      {
        "ticker": "ATEYY",
        "action": "Long",
        "allocation_usd": 10000,
        "sl_factor": 0.4,
        "z_score": 0.04,
        "prev_return_pct": null,
        "vol_ratio": 1.72,
        "ticker_group": "BIG + ETF"
      }
    ],
    "V": [
      {
        "ticker": "PUGBY",
        "action": "Long",
        "allocation_usd": 10000,
        "sl_factor": 1.6,
        "z_score": 0.3,
        "prev_return_pct": null,
        "vol_ratio": 3.8,
        "ticker_group": "SMALL"
      },
      {
        "ticker": "ULS",
        "action": "Long",
        "allocation_usd": 10000,
        "sl_factor": 0.8,
        "z_score": 0.17,
        "prev_return_pct": null,
        "vol_ratio": 1.01,
        "ticker_group": "SMALL"
      },
      {
        "ticker": "FRHC",
        "action": "Long",
        "allocation_usd": 10000,
        "sl_factor": 0.6,
        "z_score": 0.09,
        "prev_return_pct": null,
        "vol_ratio": 0.79,
        "ticker_group": "SMALL"
      }
    ],
    "M": [
      {
        "ticker": "SMMT",
        "action": "Long",
        "allocation_usd": 10000,
        "sl_factor": 3.2,
        "z_score": null,
        "prev_return_pct": 12.62,
        "vol_ratio": 0.96,
        "ticker_group": "SMALL"
      },
      {
        "ticker": "ASTS",
        "action": "Long",
        "allocation_usd": 10000,
        "sl_factor": 1.6,
        "z_score": null,
        "prev_return_pct": 7.22,
        "vol_ratio": 0.79,
        "ticker_group": "SMALL"
      },
      {
        "ticker": "INSM",
        "action": "Long",
        "allocation_usd": 10000,
        "sl_factor": 3.2,
        "z_score": null,
        "prev_return_pct": 5.94,
        "vol_ratio": 1.2,
        "ticker_group": "SMALL"
      }
    ]
  },
  "equity": {
    "A": [
      {
        "date": "2026-02-04",
        "equity": 10223.69
      },
      {
        "date": "2026-02-05",
        "equity": 10148.22
      },
      {
        "date": "2026-02-06",
        "equity": 10481.13
      },
      {
        "date": "2026-02-09",
        "equity": 10206.79
      },
      {
        "date": "2026-02-10",
        "equity": 9947.81
      },
      {
        "date": "2026-02-11",
        "equity": 10129.36
      },
      {
        "date": "2026-02-12",
        "equity": 9833.96
      },
      {
        "date": "2026-02-13",
        "equity": 9862.44
      },
      {
        "date": "2026-02-17",
        "equity": 10023.26
      },
      {
        "date": "2026-02-18",
        "equity": 8885.83
      },
      {
        "date": "2026-02-19",
        "equity": 8905.34
      },
      {
        "date": "2026-02-20",
        "equity": 9101.39
      },
      {
        "date": "2026-02-23",
        "equity": 8935.57
      },
      {
        "date": "2026-02-24",
        "equity": 8940.88
      },
      {
        "date": "2026-02-25",
        "equity": 9103.51
      },
      {
        "date": "2026-02-26",
        "equity": 8896.61
      },
      {
        "date": "2026-02-27",
        "equity": 8690.43
      },
      {
        "date": "2026-03-02",
        "equity": 9064.54
      },
      {
        "date": "2026-03-03",
        "equity": 9468.01
      },
      {
        "date": "2026-03-04",
        "equity": 9731.01
      },
      {
        "date": "2026-03-05",
        "equity": 9631.89
      },
      {
        "date": "2026-03-06",
        "equity": 10116.57
      },
      {
        "date": "2026-03-09",
        "equity": 10532.5
      },
      {
        "date": "2026-03-10",
        "equity": 10138.75
      },
      {
        "date": "2026-03-11",
        "equity": 10149.56
      },
      {
        "date": "2026-03-12",
        "equity": 10044.67
      },
      {
        "date": "2026-03-13",
        "equity": 9790.81
      },
      {
        "date": "2026-03-16",
        "equity": 9887.58
      },
      {
        "date": "2026-03-17",
        "equity": 9687.28
      },
      {
        "date": "2026-03-18",
        "equity": 9263.39
      },
      {
        "date": "2026-03-19",
        "equity": 9399.11
      },
      {
        "date": "2026-03-20",
        "equity": 8730.39
      },
      {
        "date": "2026-03-23",
        "equity": 9405.85
      },
      {
        "date": "2026-03-24",
        "equity": 10139.64
      },
      {
        "date": "2026-03-25",
        "equity": 9955.01
      }
    ],
    "B": [
      {
        "date": "2026-02-04",
        "equity": 9854.95
      },
      {
        "date": "2026-02-05",
        "equity": 9611.16
      },
      {
        "date": "2026-02-06",
        "equity": 9423.96
      },
      {
        "date": "2026-02-09",
        "equity": 9525.54
      },
      {
        "date": "2026-02-10",
        "equity": 9354.22
      },
      {
        "date": "2026-02-11",
        "equity": 9347.5
      },
      {
        "date": "2026-02-12",