{
  "timestamp": "2026-03-10T23:24:36.482613",
  "strategies": {
    "A": {
      "name": "Mean Reversion",
      "metrics": {
        "total_profit": 138.74999999999974,
        "total_return_pct": 1.3874999999999975,
        "num_trades": 75,
        "win_rate": 58.666666666666664,
        "avg_win": 100.1068181818182,
        "avg_loss": -137.61129032258063,
        "sharpe_ratio": 0.19223568029543361,
        "max_drawdown_pct": 17.18060120668278,
        "profit_factor": 0.7274607915321006
      }
    },
    "B": {
      "name": "Volume Breakout",
      "metrics": {
        "total_profit": -4852.14,
        "total_return_pct": -48.5214,
        "num_trades": 75,
        "win_rate": 30.666666666666664,
        "avg_win": 122.52913043478259,
        "avg_loss": -147.50596153846152,
        "sharpe_ratio": -6.240221521820508,
        "max_drawdown_pct": 50.70865115066171,
        "profit_factor": 0.8306723955887957
      }
    },
    "V": {
      "name": "Trend Breakout",
      "metrics": {
        "total_profit": 3759.5699999999997,
        "total_return_pct": 37.5957,
        "num_trades": 74,
        "win_rate": 60.810810810810814,
        "avg_win": 161.85044444444446,
        "avg_loss": -121.50689655172415,
        "sharpe_ratio": 3.461492532972626,
        "max_drawdown_pct": 7.8445358921674275,
        "profit_factor": 1.3320268152478614
      }
    },
    "M": {
      "name": "Momentum",
      "metrics": {
        "total_profit": 7207.830000000001,
        "total_return_pct": 72.07830000000001,
        "num_trades": 62,
        "win_rate": 46.774193548387096,
        "avg_win": 502.09793103448277,
        "avg_loss": -222.81848484848481,
        "sharpe_ratio": 3.841182859052436,
        "max_drawdown_pct": 11.88309342995518,
        "profit_factor": 2.2533944227109624
      }
    }
  },
  "signals": {
    "A": [
      {
        "ticker": "TRI",
        "action": "Long",
        "allocation_usd": 10000,
        "sl_factor": 0.8,
        "z_score": 0.1,
        "prev_return_pct": null,
        "vol_ratio": 0.78,
        "ticker_group": "BIG + ETF"
      },
      {
        "ticker": "PWR",
        "action": "Long",
        "allocation_usd": 10000,
        "sl_factor": 1.6,
        "z_score": 0.05,
        "prev_return_pct": null,
        "vol_ratio": 1.39,
        "ticker_group": "BIG + ETF"
      },
      {
        "ticker": "WM",
        "action": "Long",
        "allocation_usd": 10000,
        "sl_factor": 0.8,
        "z_score": 0.04,
        "prev_return_pct": null,
        "vol_ratio": 1.28,
        "ticker_group": "BIG + ETF"
      }
    ],
    "B": [
      {
        "ticker": "MUFG",
        "action": "Long",
        "allocation_usd": 10000,
        "sl_factor": 3.2,
        "z_score": 0.13,
        "prev_return_pct": null,
        "vol_ratio": 1.58,
        "ticker_group": "BIG + ETF"
      },
      {
        "ticker": "ABT",
        "action": "Long",
        "allocation_usd": 10000,
        "sl_factor": 3.2,
        "z_score": 0.12,
        "prev_return_pct": null,
        "vol_ratio": 1.53,
        "ticker_group": "BIG + ETF"
      },
      {
        "ticker": "VRT",
        "action": "Long",
        "allocation_usd": 10000,
        "sl_factor": 0.4,
        "z_score": 0.09,
        "prev_return_pct": null,
        "vol_ratio": 2.63,
        "ticker_group": "BIG + ETF"
      }
    ],
    "V": [
      {
        "ticker": "MORN",
        "action": "Long",
        "allocation_usd": 10000,
        "sl_factor": 1.6,
        "z_score": 0.17,
        "prev_return_pct": null,
        "vol_ratio": 0.76,
        "ticker_group": "SMALL"
      },
      {
        "ticker": "BZLFY",
        "action": "Long",
        "allocation_usd": 10000,
        "sl_factor": 3.2,
        "z_score": 0.14,
        "prev_return_pct": null,
        "vol_ratio": 0.26,
        "ticker_group": "SMALL"
      },
      {
        "ticker": "BSY",
        "action": "Long",
        "allocation_usd": 10000,
        "sl_factor": 1.6,
        "z_score": 0.11,
        "prev_return_pct": null,
        "vol_ratio": 0.57,
        "ticker_group": "SMALL"
      }
    ],
    "M": [
      {
        "ticker": "BBIO",
        "action": "Long",
        "allocation_usd": 10000,
        "sl_factor": 3.2,
        "z_score": null,
        "prev_return_pct": 11.59,
        "vol_ratio": 0.55,
        "ticker_group": "SMALL"
      },
      {
        "ticker": "NIO",
        "action": "Long",
        "allocation_usd": 10000,
        "sl_factor": 3.2,
        "z_score": null,
        "prev_return_pct": 8.37,
        "vol_ratio": 1.21,
        "ticker_group": "SMALL"
      },
      {
        "ticker": "CASY",
        "action": "Long",
        "allocation_usd": 10000,
        "sl_factor": 3.2,
        "z_score": null,
        "prev_return_pct": 5.98,
        "vol_ratio": 2.01,
        "ticker_group": "SMALL"
      }
    ]
  },
  "equity": {
    "A": [
      {
        "date": "2026-02-04",
        "equity": 10223.69
      },
      {
        "date": "2026-02-05",
        "equity": 10148.22
      },
      {
        "date": "2026-02-06",
        "equity": 10481.13
      },
      {
        "date": "2026-02-09",
        "equity": 10206.79
      },
      {
        "date": "2026-02-10",
        "equity": 9947.81
      },
      {
        "date": "2026-02-11",
        "equity": 10129.36
      },
      {
        "date": "2026-02-12",
        "equity": 9833.96
      },
      {
        "date": "2026-02-13",
        "equity": 9862.44
      },
      {
        "date": "2026-02-17",
        "equity": 10023.26
      },
      {
        "date": "2026-02-18",
        "equity": 8885.83
      },
      {
        "date": "2026-02-19",
        "equity": 8905.34
      },
      {
        "date": "2026-02-20",
        "equity": 9101.39
      },
      {
        "date": "2026-02-23",
        "equity": 8935.57
      },
      {
        "date": "2026-02-24",
        "equity": 8940.88
      },
      {
        "date": "2026-02-25",
        "equity": 9103.51
      },
      {
        "date": "2026-02-26",
        "equity": 8896.61
      },
      {
        "date": "2026-02-27",
        "equity": 8690.43
      },
      {
        "date": "2026-03-02",
        "equity": 9064.54
      },
      {
        "date": "2026-03-03",
        "equity": 9468.01
      },
      {
        "date": "2026-03-04",
        "equity": 9731.01
      },
      {
        "date": "2026-03-05",
        "equity": 9631.89
      },
      {
        "date": "2026-03-06",
        "equity": 10116.57
      },
      {
        "date": "2026-03-09",
        "equity": 10532.5
      },
      {
        "date": "2026-03-10",
        "equity": 10138.75
      }
    ],
    "B": [
      {
        "date": "2026-02-04",
        "equity": 9854.95
      },
      {
        "date": "2026-02-05",
        "equity": 9611.16
      },
      {
        "date": "2026-02-06",
        "equity": 9423.96
      },
      {
        "date": "2026-02-09",
        "equity": 9525.54
      },
      {
        "date": "2026-02-10",
        "equity": 9354.22
      },
      {
        "date": "2026-02-11",
        "equity": 9347.5
      },
      {
        "date": "2026-02-12",
        "equity": 9096.96
      },
      {
        "date": "2026-02-13",
        "equity": 8855.1
      },
      {
        "date": "2026-02-17",
        "equity": 8128.57
      },
      {
        "date": "2026-02-18",
        "equity": 8200.89
      },
      {
        "date": "2026-02-19",
        "equity": 8356.1
      },
      {
        "date": "2026-02-20",
        "equity": 8392.3
      },
      {
        "date": "2026-02-23",
        "equity": 8133.6
      },
      {
        "date": "2026-02-24",
        "equity": 7586.51
      },
      {
        "date": "2026-02-25",
        "equity": 7282.93
      },
      {
        "date": "2026-02-26",
        "equity": 7167.01
      },
      {
        "date": "2026-02-27",
        "equity": 6795.32
      },
      {
        "date": "2026-03-02",