{
  "timestamp": "2026-03-27T23:27:22.378545",
  "strategies": {
    "A": {
      "name": "Mean Reversion",
      "metrics": {
        "total_profit": -637.0700000000002,
        "total_return_pct": -6.370700000000001,
        "num_trades": 112,
        "win_rate": 53.57142857142857,
        "avg_win": 114.18250000000002,
        "avg_loss": -144.00038461538463,
        "sharpe_ratio": -0.5147906444194146,
        "max_drawdown_pct": 17.523062752414923,
        "profit_factor": 0.7929319099040868
      }
    },
    "B": {
      "name": "Volume Breakout",
      "metrics": {
        "total_profit": -4640.59,
        "total_return_pct": -46.4059,
        "num_trades": 114,
        "win_rate": 35.96491228070175,
        "avg_win": 130.19341463414636,
        "avg_loss": -136.69205479452054,
        "sharpe_ratio": -3.8204833804399096,
        "max_drawdown_pct": 52.93745956761799,
        "profit_factor": 0.9524578061969796
      }
    },
    "V": {
      "name": "Trend Breakout",
      "metrics": {
        "total_profit": 1642.42,
        "total_return_pct": 16.4242,
        "num_trades": 113,
        "win_rate": 53.98230088495575,
        "avg_win": 150.72868852459018,
        "avg_loss": -145.23134615384618,
        "sharpe_ratio": 1.0392453168160185,
        "max_drawdown_pct": 20.69558527368588,
        "profit_factor": 1.0378523129911676
      }
    },
    "M": {
      "name": "Momentum",
      "metrics": {
        "total_profit": 4585.109999999998,
        "total_return_pct": 45.85109999999998,
        "num_trades": 99,
        "win_rate": 43.43434343434344,
        "avg_win": 429.8881395348837,
        "avg_loss": -248.21571428571428,
        "sharpe_ratio": 1.6344347060453042,
        "max_drawdown_pct": 26.87866650101721,
        "profit_factor": 1.7319134720054479
      }
    }
  },
  "signals": {
    "A": [
      {
        "ticker": "CTVA",
        "action": "Long",
        "allocation_usd": 10000,
        "sl_factor": 3.2,
        "z_score": 0.06,
        "prev_return_pct": null,
        "vol_ratio": 0.72,
        "ticker_group": "BIG + ETF"
      },
      {
        "ticker": "MPC",
        "action": "Long",
        "allocation_usd": 10000,
        "sl_factor": 0.8,
        "z_score": 0.03,
        "prev_return_pct": null,
        "vol_ratio": 0.62,
        "ticker_group": "BIG + ETF"
      },
      {
        "ticker": "PFE",
        "action": "Long",
        "allocation_usd": 10000,
        "sl_factor": 3.2,
        "z_score": 0.02,
        "prev_return_pct": null,
        "vol_ratio": 0.68,
        "ticker_group": "BIG + ETF"
      }
    ],
    "B": [
      {
        "ticker": "MGCLY",
        "action": "Short",
        "allocation_usd": 10000,
        "sl_factor": 3.2,
        "z_score": 0.3,
        "prev_return_pct": null,
        "vol_ratio": 1.79,
        "ticker_group": "BIG + ETF"
      },
      {
        "ticker": "CARR",
        "action": "Short",
        "allocation_usd": 10000,
        "sl_factor": 0.4,
        "z_score": 0.08,
        "prev_return_pct": null,
        "vol_ratio": 1.7,
        "ticker_group": "BIG + ETF"
      },
      {
        "ticker": "CP",
        "action": "Short",
        "allocation_usd": 10000,
        "sl_factor": 0.4,
        "z_score": 0.06,
        "prev_return_pct": null,
        "vol_ratio": 1.53,
        "ticker_group": "BIG + ETF"
      }
    ],
    "V": [
      {
        "ticker": "SMMT",
        "action": "Long",
        "allocation_usd": 10000,
        "sl_factor": 0.4,
        "z_score": 0.13,
        "prev_return_pct": null,
        "vol_ratio": 1.72,
        "ticker_group": "SMALL"
      },
      {
        "ticker": "FRHC",
        "action": "Long",
        "allocation_usd": 10000,
        "sl_factor": 0.6,
        "z_score": 0.09,
        "prev_return_pct": null,
        "vol_ratio": 1.47,
        "ticker_group": "SMALL"
      },
      {
        "ticker": "FFIV",
        "action": "Long",
        "allocation_usd": 10000,
        "sl_factor": 3.2,
        "z_score": 0.04,
        "prev_return_pct": null,
        "vol_ratio": 0.83,
        "ticker_group": "SMALL"
      }
    ],
    "M": [
      {
        "ticker": "PAAS",
        "action": "Long",
        "allocation_usd": 10000,
        "sl_factor": 0.8,
        "z_score": null,
        "prev_return_pct": 5.75,
        "vol_ratio": 0.77,
        "ticker_group": "SMALL"
      },
      {
        "ticker": "AGI",
        "action": "Long",
        "allocation_usd": 10000,
        "sl_factor": 1.6,
        "z_score": null,
        "prev_return_pct": 5.53,
        "vol_ratio": 0.75,
        "ticker_group": "SMALL"
      },
      {
        "ticker": "SQM",
        "action": "Long",
        "allocation_usd": 10000,
        "sl_factor": 0.4,
        "z_score": null,
        "prev_return_pct": 5.35,
        "vol_ratio": 0.67,
        "ticker_group": "SMALL"
      }
    ]
  },
  "equity": {
    "A": [
      {
        "date": "2026-02-04",
        "equity": 10223.69
      },
      {
        "date": "2026-02-05",
        "equity": 10148.22
      },
      {
        "date": "2026-02-06",
        "equity": 10481.13
      },
      {
        "date": "2026-02-09",
        "equity": 10206.79
      },
      {
        "date": "2026-02-10",
        "equity": 9947.81
      },
      {
        "date": "2026-02-11",
        "equity": 10129.36
      },
      {
        "date": "2026-02-12",
        "equity": 9833.96
      },
      {
        "date": "2026-02-13",
        "equity": 9862.44
      },
      {
        "date": "2026-02-17",
        "equity": 10023.26
      },
      {
        "date": "2026-02-18",
        "equity": 8885.83
      },
      {
        "date": "2026-02-19",
        "equity": 8905.34
      },
      {
        "date": "2026-02-20",
        "equity": 9101.39
      },
      {
        "date": "2026-02-23",
        "equity": 8935.57
      },
      {
        "date": "2026-02-24",
        "equity": 8940.88
      },
      {
        "date": "2026-02-25",
        "equity": 9103.51
      },
      {
        "date": "2026-02-26",
        "equity": 8896.61
      },
      {
        "date": "2026-02-27",
        "equity": 8690.43
      },
      {
        "date": "2026-03-02",
        "equity": 9064.54
      },
      {
        "date": "2026-03-03",
        "equity": 9468.01
      },
      {
        "date": "2026-03-04",
        "equity": 9731.01
      },
      {
        "date": "2026-03-05",
        "equity": 9631.89
      },
      {
        "date": "2026-03-06",
        "equity": 10116.57
      },
      {
        "date": "2026-03-09",
        "equity": 10532.5
      },
      {
        "date": "2026-03-10",
        "equity": 10138.75
      },
      {
        "date": "2026-03-11",
        "equity": 10149.56
      },
      {
        "date": "2026-03-12",
        "equity": 10044.67
      },
      {
        "date": "2026-03-13",
        "equity": 9790.81
      },
      {
        "date": "2026-03-16",
        "equity": 9887.58
      },
      {
        "date": "2026-03-17",
        "equity": 9687.28
      },
      {
        "date": "2026-03-18",
        "equity": 9263.39
      },
      {
        "date": "2026-03-19",
        "equity": 9399.11
      },
      {
        "date": "2026-03-20",
        "equity": 8730.39
      },
      {
        "date": "2026-03-23",
        "equity": 9405.85
      },
      {
        "date": "2026-03-24",
        "equity": 10139.64
      },
      {
        "date": "2026-03-25",
        "equity": 9955.01
      },
      {
        "date": "2026-03-26",
        "equity": 9569.44
      },
      {
        "date": "2026-03-27",
        "equity": 9362.93
      }
    ],
    "B": [
      {
        "date": "2026-02-04",
        "equity": 9854.95
      },
      {
        "date": "2026-02-05",
        "equity": 9611.16
      },
      {
        "date": "2026-02-06",
        "equity": 9423.96
      },
      {
        "date": "2026-02-09",
        "equity": 9525.54
      },
      {
        "date": "2026-02-10",