{
  "timestamp": "2026-03-15T23:25:41.674719",
  "strategies": {
    "A": {
      "name": "Mean Reversion",
      "metrics": {
        "total_profit": -209.1900000000001,
        "total_return_pct": -2.091900000000001,
        "num_trades": 84,
        "win_rate": 57.14285714285714,
        "avg_win": 97.04145833333332,
        "avg_loss": -135.19944444444445,
        "sharpe_ratio": -0.2643059226954926,
        "max_drawdown_pct": 17.18060120668278,
        "profit_factor": 0.7177652151759334
      }
    },
    "B": {
      "name": "Volume Breakout",
      "metrics": {
        "total_profit": -4684.01,
        "total_return_pct": -46.8401,
        "num_trades": 84,
        "win_rate": 33.33333333333333,
        "avg_win": 126.44071428571431,
        "avg_loss": -146.86339285714286,
        "sharpe_ratio": -5.267016795807008,
        "max_drawdown_pct": 50.70865115066171,
        "profit_factor": 0.8609409862177559
      }
    },
    "V": {
      "name": "Trend Breakout",
      "metrics": {
        "total_profit": 2817.8199999999997,
        "total_return_pct": 28.178199999999997,
        "num_trades": 83,
        "win_rate": 59.036144578313255,
        "avg_win": 158.84877551020406,
        "avg_loss": -146.05205882352942,
        "sharpe_ratio": 2.2612334192958534,
        "max_drawdown_pct": 13.560148357514464,
        "profit_factor": 1.0876175028942012
      }
    },
    "M": {
      "name": "Momentum",
      "metrics": {
        "total_profit": 5932.97,
        "total_return_pct": 59.32970000000001,
        "num_trades": 70,
        "win_rate": 42.857142857142854,
        "avg_win": 488.5146666666667,
        "avg_loss": -218.06175000000002,
        "sharpe_ratio": 2.905576627629699,
        "max_drawdown_pct": 16.478240425488412,
        "profit_factor": 2.24025839775507
      }
    }
  },
  "signals": {
    "A": [
      {
        "ticker": "BAESY",
        "action": "Long",
        "allocation_usd": 10000,
        "sl_factor": 0.6,
        "z_score": 0.15,
        "prev_return_pct": null,
        "vol_ratio": 0.72,
        "ticker_group": "BIG + ETF"
      },
      {
        "ticker": "SO",
        "action": "Long",
        "allocation_usd": 10000,
        "sl_factor": 0.8,
        "z_score": 0.08,
        "prev_return_pct": null,
        "vol_ratio": 1.15,
        "ticker_group": "BIG + ETF"
      },
      {
        "ticker": "DUK",
        "action": "Long",
        "allocation_usd": 10000,
        "sl_factor": 3.2,
        "z_score": 0.07,
        "prev_return_pct": null,
        "vol_ratio": 1.16,
        "ticker_group": "BIG + ETF"
      }
    ],
    "B": [
      {
        "ticker": "CFRUY",
        "action": "Short",
        "allocation_usd": 10000,
        "sl_factor": 3.2,
        "z_score": 0.14,
        "prev_return_pct": null,
        "vol_ratio": 1.91,
        "ticker_group": "BIG + ETF"
      },
      {
        "ticker": "CARR",
        "action": "Short",
        "allocation_usd": 10000,
        "sl_factor": 0.4,
        "z_score": 0.08,
        "prev_return_pct": null,
        "vol_ratio": 1.53,
        "ticker_group": "BIG + ETF"
      },
      {
        "ticker": "TDG",
        "action": "Short",
        "allocation_usd": 10000,
        "sl_factor": 0.4,
        "z_score": 0.07,
        "prev_return_pct": null,
        "vol_ratio": 1.82,
        "ticker_group": "BIG + ETF"
      }
    ],
    "V": [
      {
        "ticker": "BZLFY",
        "action": "Long",
        "allocation_usd": 10000,
        "sl_factor": 3.2,
        "z_score": 0.14,
        "prev_return_pct": null,
        "vol_ratio": 0.16,
        "ticker_group": "SMALL"
      },
      {
        "ticker": "FRHC",
        "action": "Long",
        "allocation_usd": 10000,
        "sl_factor": 0.6,
        "z_score": 0.09,
        "prev_return_pct": null,
        "vol_ratio": 0.64,
        "ticker_group": "SMALL"
      },
      {
        "ticker": "COKE",
        "action": "Long",
        "allocation_usd": 10000,
        "sl_factor": 1.6,
        "z_score": 0.08,
        "prev_return_pct": null,
        "vol_ratio": 1.36,
        "ticker_group": "SMALL"
      }
    ],
    "M": [
      {
        "ticker": "PMDIY",
        "action": "Long",
        "allocation_usd": 10000,
        "sl_factor": 0.4,
        "z_score": null,
        "prev_return_pct": 13.43,
        "vol_ratio": 4.58,
        "ticker_group": "SMALL"
      },
      {
        "ticker": "CRDO",
        "action": "Long",
        "allocation_usd": 10000,
        "sl_factor": 3.2,
        "z_score": null,
        "prev_return_pct": 4.13,
        "vol_ratio": 0.85,
        "ticker_group": "SMALL"
      },
      {
        "ticker": "DUOL",
        "action": "Long",
        "allocation_usd": 10000,
        "sl_factor": 0.6,
        "z_score": null,
        "prev_return_pct": 3.3,
        "vol_ratio": 0.58,
        "ticker_group": "SMALL"
      }
    ]
  },
  "equity": {
    "A": [
      {
        "date": "2026-02-04",
        "equity": 10223.69
      },
      {
        "date": "2026-02-05",
        "equity": 10148.22
      },
      {
        "date": "2026-02-06",
        "equity": 10481.13
      },
      {
        "date": "2026-02-09",
        "equity": 10206.79
      },
      {
        "date": "2026-02-10",
        "equity": 9947.81
      },
      {
        "date": "2026-02-11",
        "equity": 10129.36
      },
      {
        "date": "2026-02-12",
        "equity": 9833.96
      },
      {
        "date": "2026-02-13",
        "equity": 9862.44
      },
      {
        "date": "2026-02-17",
        "equity": 10023.26
      },
      {
        "date": "2026-02-18",
        "equity": 8885.83
      },
      {
        "date": "2026-02-19",
        "equity": 8905.34
      },
      {
        "date": "2026-02-20",
        "equity": 9101.39
      },
      {
        "date": "2026-02-23",
        "equity": 8935.57
      },
      {
        "date": "2026-02-24",
        "equity": 8940.88
      },
      {
        "date": "2026-02-25",
        "equity": 9103.51
      },
      {
        "date": "2026-02-26",
        "equity": 8896.61
      },
      {
        "date": "2026-02-27",
        "equity": 8690.43
      },
      {
        "date": "2026-03-02",
        "equity": 9064.54
      },
      {
        "date": "2026-03-03",
        "equity": 9468.01
      },
      {
        "date": "2026-03-04",
        "equity": 9731.01
      },
      {
        "date": "2026-03-05",
        "equity": 9631.89
      },
      {
        "date": "2026-03-06",
        "equity": 10116.57
      },
      {
        "date": "2026-03-09",
        "equity": 10532.5
      },
      {
        "date": "2026-03-10",
        "equity": 10138.75
      },
      {
        "date": "2026-03-11",
        "equity": 10149.56
      },
      {
        "date": "2026-03-12",
        "equity": 10044.67
      },
      {
        "date": "2026-03-13",
        "equity": 9790.81
      }
    ],
    "B": [
      {
        "date": "2026-02-04",
        "equity": 9854.95
      },
      {
        "date": "2026-02-05",
        "equity": 9611.16
      },
      {
        "date": "2026-02-06",
        "equity": 9423.96
      },
      {
        "date": "2026-02-09",
        "equity": 9525.54
      },
      {
        "date": "2026-02-10",
        "equity": 9354.22
      },
      {
        "date": "2026-02-11",
        "equity": 9347.5
      },
      {
        "date": "2026-02-12",
        "equity": 9096.96
      },
      {
        "date": "2026-02-13",
        "equity": 8855.1
      },
      {
        "date": "2026-02-17",
        "equity": 8128.57
      },
      {
        "date": "2026-02-18",
        "equity": 8200.89
      },
      {
        "date": "2026-02-19",
        "equity": 8356.1
      },
      {
        "date": "2026-02-20",
        "equity": 8392.3
      },
      {
        "date": "2026-02-23",
        "equity": 8133.6
      },
      {
        "date": "2026-02-24",
        "equity": 7586.51
      },
      {
        "date": "2026-02-25",