{
  "timestamp": "2026-02-11T23:29:15.374314",
  "strategies": {
    "A": {
      "name": "Mean Reversion",
      "metrics": {
        "total_profit": 129.35999999999996,
        "total_return_pct": 1.2935999999999996,
        "num_trades": 18,
        "win_rate": 61.111111111111114,
        "avg_win": 87.90363636363637,
        "avg_loss": -119.65428571428573,
        "sharpe_ratio": 0.9966879967534968,
        "max_drawdown_pct": 5.2946518850725655,
        "profit_factor": 0.7346467854359637
      }
    },
    "B": {
      "name": "Volume Breakout",
      "metrics": {
        "total_profit": -652.5000000000001,
        "total_return_pct": -6.525000000000001,
        "num_trades": 18,
        "win_rate": 33.33333333333333,
        "avg_win": 124.31666666666666,
        "avg_loss": -116.53333333333332,
        "sharpe_ratio": -3.942679551800747,
        "max_drawdown_pct": 8.838606468178146,
        "profit_factor": 1.0667906178489703
      }
    },
    "V": {
      "name": "Trend Breakout",
      "metrics": {
        "total_profit": 242.95,
        "total_return_pct": 2.4294999999999995,
        "num_trades": 18,
        "win_rate": 55.55555555555556,
        "avg_win": 85.751,
        "avg_loss": -76.82,
        "sharpe_ratio": 2.1367886829811154,
        "max_drawdown_pct": 2.806113167514653,
        "profit_factor": 1.1162587867742777
      }
    },
    "M": {
      "name": "Momentum",
      "metrics": {
        "total_profit": 6164.599999999999,
        "total_return_pct": 61.64599999999999,
        "num_trades": 15,
        "win_rate": 66.66666666666666,
        "avg_win": 763.042,
        "avg_loss": -293.164,
        "sharpe_ratio": 10.209741852285854,
        "max_drawdown_pct": 5.053075263966613,
        "profit_factor": 2.6027820605531375
      }
    }
  },
  "signals": {
    "A": [
      {
        "ticker": "NGG",
        "action": "Long",
        "allocation_usd": 10000,
        "sl_factor": 3.2,
        "z_score": 0.22,
        "prev_return_pct": null,
        "vol_ratio": 0.98,
        "ticker_group": "BIG + ETF"
      },
      {
        "ticker": "CM",
        "action": "Long",
        "allocation_usd": 10000,
        "sl_factor": 3.2,
        "z_score": 0.17,
        "prev_return_pct": null,
        "vol_ratio": 0.81,
        "ticker_group": "BIG + ETF"
      },
      {
        "ticker": "TD",
        "action": "Long",
        "allocation_usd": 10000,
        "sl_factor": 0.6,
        "z_score": 0.16,
        "prev_return_pct": null,
        "vol_ratio": 1.04,
        "ticker_group": "BIG + ETF"
      }
    ],
    "B": [
      {
        "ticker": "PANW",
        "action": "Short",
        "allocation_usd": 10000,
        "sl_factor": 0.6,
        "z_score": 0.12,
        "prev_return_pct": null,
        "vol_ratio": 3.24,
        "ticker_group": "BIG + ETF"
      },
      {
        "ticker": "NET",
        "action": "Long",
        "allocation_usd": 10000,
        "sl_factor": 0.4,
        "z_score": 0.1,
        "prev_return_pct": null,
        "vol_ratio": 2.03,
        "ticker_group": "BIG + ETF"
      },
      {
        "ticker": "TRI",
        "action": "Long",
        "allocation_usd": 10000,
        "sl_factor": 0.4,
        "z_score": 0.1,
        "prev_return_pct": null,
        "vol_ratio": 2.23,
        "ticker_group": "BIG + ETF"
      }
    ],
    "V": [
      {
        "ticker": "NPXYY",
        "action": "Long",
        "allocation_usd": 10000,
        "sl_factor": 1.6,
        "z_score": 0.36,
        "prev_return_pct": null,
        "vol_ratio": 1.35,
        "ticker_group": "SMALL"
      },
      {
        "ticker": "RSHGY",
        "action": "Long",
        "allocation_usd": 10000,
        "sl_factor": 1.6,
        "z_score": 0.34,
        "prev_return_pct": null,
        "vol_ratio": 0.96,
        "ticker_group": "SMALL"
      },
      {
        "ticker": "AS",
        "action": "Long",
        "allocation_usd": 10000,
        "sl_factor": 1.6,
        "z_score": 0.22,
        "prev_return_pct": null,
        "vol_ratio": 1.85,
        "ticker_group": "SMALL"
      }
    ],
    "M": [
      {
        "ticker": "THC",
        "action": "Long",
        "allocation_usd": 10000,
        "sl_factor": 0.4,
        "z_score": null,
        "prev_return_pct": 20.18,
        "vol_ratio": 1.49,
        "ticker_group": "SMALL"
      },
      {
        "ticker": "GNRC",
        "action": "Long",
        "allocation_usd": 10000,
        "sl_factor": 0.6,
        "z_score": null,
        "prev_return_pct": 11.97,
        "vol_ratio": 1.33,
        "ticker_group": "SMALL"
      },
      {
        "ticker": "GFS",
        "action": "Long",
        "allocation_usd": 10000,
        "sl_factor": 3.2,
        "z_score": null,
        "prev_return_pct": 11.57,
        "vol_ratio": 1.9,
        "ticker_group": "SMALL"
      }
    ]
  },
  "equity": {
    "A": [
      {
        "date": "2026-02-04",
        "equity": 10223.69
      },
      {
        "date": "2026-02-05",
        "equity": 10148.22
      },
      {
        "date": "2026-02-06",
        "equity": 10481.13
      },
      {
        "date": "2026-02-09",
        "equity": 10206.79
      },
      {
        "date": "2026-02-10",
        "equity": 9947.81
      },
      {
        "date": "2026-02-11",
        "equity": 10129.36
      }
    ],
    "B": [
      {
        "date": "2026-02-04",
        "equity": 9854.95
      },
      {
        "date": "2026-02-05",
        "equity": 9611.16
      },
      {
        "date": "2026-02-06",
        "equity": 9423.96
      },
      {
        "date": "2026-02-09",
        "equity": 9525.54
      },
      {
        "date": "2026-02-10",
        "equity": 9354.22
      },
      {
        "date": "2026-02-11",
        "equity": 9347.5
      }
    ],
    "V": [
      {
        "date": "2026-02-04",
        "equity": 9799.16
      },
      {
        "date": "2026-02-05",
        "equity": 9920.44
      },
      {
        "date": "2026-02-06",
        "equity": 10105.91
      },
      {
        "date": "2026-02-09",
        "equity": 10444.34
      },
      {
        "date": "2026-02-10",
        "equity": 10297.56
      },
      {
        "date": "2026-02-11",
        "equity": 10242.95
      }
    ],
    "M": [
      {
        "date": "2026-02-04",
        "equity": 11024.63
      },
      {
        "date": "2026-02-05",
        "equity": 14892.66
      },
      {
        "date": "2026-02-06",
        "equity": 15431.03
      },
      {
        "date": "2026-02-09",
        "equity": 16065.03
      },
      {
        "date": "2026-02-10",
        "equity": 17024.88
      },
      {
        "date": "2026-02-11",
        "equity": 16164.6
      }
    ]
  }
}