{
  "timestamp": "2026-03-17T23:28:47.527883",
  "strategies": {
    "A": {
      "name": "Mean Reversion",
      "metrics": {
        "total_profit": -312.7200000000002,
        "total_return_pct": -3.127200000000002,
        "num_trades": 90,
        "win_rate": 56.666666666666664,
        "avg_win": 94.02745098039215,
        "avg_loss": -130.9774358974359,
        "sharpe_ratio": -0.37861642346232227,
        "max_drawdown_pct": 17.18060120668278,
        "profit_factor": 0.7178904544598196
      }
    },
    "B": {
      "name": "Volume Breakout",
      "metrics": {
        "total_profit": -5067.830000000001,
        "total_return_pct": -50.67830000000001,
        "num_trades": 90,
        "win_rate": 32.22222222222222,
        "avg_win": 122.9937931034483,
        "avg_loss": -141.55163934426227,
        "sharpe_ratio": -5.483625341014701,
        "max_drawdown_pct": 50.70865115066171,
        "profit_factor": 0.8688969882172812
      }
    },
    "V": {
      "name": "Trend Breakout",
      "metrics": {
        "total_profit": 2683.19,
        "total_return_pct": 26.831900000000005,
        "num_trades": 89,
        "win_rate": 57.30337078651685,
        "avg_win": 159.34588235294117,
        "avg_loss": -143.24868421052633,
        "sharpe_ratio": 2.048157299227685,
        "max_drawdown_pct": 13.733972677696796,
        "profit_factor": 1.1123723979115752
      }
    },
    "M": {
      "name": "Momentum",
      "metrics": {
        "total_profit": 6874.669999999999,
        "total_return_pct": 68.74669999999999,
        "num_trades": 76,
        "win_rate": 44.73684210526316,
        "avg_win": 464.2155882352941,
        "avg_loss": -212.11095238095243,
        "sharpe_ratio": 3.2015479644487126,
        "max_drawdown_pct": 17.45426162022977,
        "profit_factor": 2.188550770360789
      }
    }
  },
  "signals": {
    "A": [
      {
        "ticker": "CPNG",
        "action": "Long",
        "allocation_usd": 10000,
        "sl_factor": 1.6,
        "z_score": 0.19,
        "prev_return_pct": null,
        "vol_ratio": 1.43,
        "ticker_group": "BIG + ETF"
      },
      {
        "ticker": "BAESY",
        "action": "Long",
        "allocation_usd": 10000,
        "sl_factor": 0.6,
        "z_score": 0.15,
        "prev_return_pct": null,
        "vol_ratio": 0.53,
        "ticker_group": "BIG + ETF"
      },
      {
        "ticker": "CNQ",
        "action": "Long",
        "allocation_usd": 10000,
        "sl_factor": 0.6,
        "z_score": 0.1,
        "prev_return_pct": null,
        "vol_ratio": 1.08,
        "ticker_group": "BIG + ETF"
      }
    ],
    "B": [
      {
        "ticker": "IFNNY",
        "action": "Long",
        "allocation_usd": 10000,
        "sl_factor": 0.4,
        "z_score": 0.07,
        "prev_return_pct": null,
        "vol_ratio": 2.04,
        "ticker_group": "BIG + ETF"
      },
      {
        "ticker": "PSA",
        "action": "Short",
        "allocation_usd": 10000,
        "sl_factor": 0.4,
        "z_score": 0.02,
        "prev_return_pct": null,
        "vol_ratio": 3.11,
        "ticker_group": "BIG + ETF"
      },
      {
        "ticker": "ADBE",
        "action": "Long",
        "allocation_usd": 10000,
        "sl_factor": 1.6,
        "z_score": -0.03,
        "prev_return_pct": null,
        "vol_ratio": 1.81,
        "ticker_group": "BIG + ETF"
      }
    ],
    "V": [
      {
        "ticker": "NPXYY",
        "action": "Long",
        "allocation_usd": 10000,
        "sl_factor": 1.6,
        "z_score": 0.36,
        "prev_return_pct": null,
        "vol_ratio": 1.54,
        "ticker_group": "SMALL"
      },
      {
        "ticker": "COKE",
        "action": "Long",
        "allocation_usd": 10000,
        "sl_factor": 1.6,
        "z_score": 0.08,
        "prev_return_pct": null,
        "vol_ratio": 0.93,
        "ticker_group": "SMALL"
      },
      {
        "ticker": "EMA",
        "action": "Long",
        "allocation_usd": 10000,
        "sl_factor": 0.4,
        "z_score": 0.07,
        "prev_return_pct": null,
        "vol_ratio": 0.92,
        "ticker_group": "SMALL"
      }
    ],
    "M": [
      {
        "ticker": "RKLB",
        "action": "Long",
        "allocation_usd": 10000,
        "sl_factor": 1.6,
        "z_score": null,
        "prev_return_pct": 9.84,
        "vol_ratio": 0.99,
        "ticker_group": "SMALL"
      },
      {
        "ticker": "ESLT",
        "action": "Long",
        "allocation_usd": 10000,
        "sl_factor": 3.2,
        "z_score": null,
        "prev_return_pct": 8.62,
        "vol_ratio": 1.04,
        "ticker_group": "SMALL"
      },
      {
        "ticker": "ASTS",
        "action": "Long",
        "allocation_usd": 10000,
        "sl_factor": 1.6,
        "z_score": null,
        "prev_return_pct": 6.56,
        "vol_ratio": 0.67,
        "ticker_group": "SMALL"
      }
    ]
  },
  "equity": {
    "A": [
      {
        "date": "2026-02-04",
        "equity": 10223.69
      },
      {
        "date": "2026-02-05",
        "equity": 10148.22
      },
      {
        "date": "2026-02-06",
        "equity": 10481.13
      },
      {
        "date": "2026-02-09",
        "equity": 10206.79
      },
      {
        "date": "2026-02-10",
        "equity": 9947.81
      },
      {
        "date": "2026-02-11",
        "equity": 10129.36
      },
      {
        "date": "2026-02-12",
        "equity": 9833.96
      },
      {
        "date": "2026-02-13",
        "equity": 9862.44
      },
      {
        "date": "2026-02-17",
        "equity": 10023.26
      },
      {
        "date": "2026-02-18",
        "equity": 8885.83
      },
      {
        "date": "2026-02-19",
        "equity": 8905.34
      },
      {
        "date": "2026-02-20",
        "equity": 9101.39
      },
      {
        "date": "2026-02-23",
        "equity": 8935.57
      },
      {
        "date": "2026-02-24",
        "equity": 8940.88
      },
      {
        "date": "2026-02-25",
        "equity": 9103.51
      },
      {
        "date": "2026-02-26",
        "equity": 8896.61
      },
      {
        "date": "2026-02-27",
        "equity": 8690.43
      },
      {
        "date": "2026-03-02",
        "equity": 9064.54
      },
      {
        "date": "2026-03-03",
        "equity": 9468.01
      },
      {
        "date": "2026-03-04",
        "equity": 9731.01
      },
      {
        "date": "2026-03-05",
        "equity": 9631.89
      },
      {
        "date": "2026-03-06",
        "equity": 10116.57
      },
      {
        "date": "2026-03-09",
        "equity": 10532.5
      },
      {
        "date": "2026-03-10",
        "equity": 10138.75
      },
      {
        "date": "2026-03-11",
        "equity": 10149.56
      },
      {
        "date": "2026-03-12",
        "equity": 10044.67
      },
      {
        "date": "2026-03-13",
        "equity": 9790.81
      },
      {
        "date": "2026-03-16",
        "equity": 9887.58
      },
      {
        "date": "2026-03-17",
        "equity": 9687.28
      }
    ],
    "B": [
      {
        "date": "2026-02-04",
        "equity": 9854.95
      },
      {
        "date": "2026-02-05",
        "equity": 9611.16
      },
      {
        "date": "2026-02-06",
        "equity": 9423.96
      },
      {
        "date": "2026-02-09",
        "equity": 9525.54
      },
      {
        "date": "2026-02-10",
        "equity": 9354.22
      },
      {
        "date": "2026-02-11",
        "equity": 9347.5
      },
      {
        "date": "2026-02-12",
        "equity": 9096.96
      },
      {
        "date": "2026-02-13",
        "equity": 8855.1
      },
      {
        "date": "2026-02-17",
        "equity": 8128.57
      },
      {
        "date": "2026-02-18",
        "equity": 8200.89
      },
      {
        "date": "2026-02-19",
        "equity": 8356.1
      },
      {
        "date": "2026-02-20",
        "equity": 8392.3
      },
      {
        "date": "2026-02-23",