{
  "timestamp": "2026-02-17T23:26:05.558495",
  "strategies": {
    "A": {
      "name": "Mean Reversion",
      "metrics": {
        "total_profit": 23.259999999999934,
        "total_return_pct": 0.23259999999999934,
        "num_trades": 30,
        "win_rate": 63.33333333333333,
        "avg_win": 73.25894736842106,
        "avg_loss": -124.42363636363635,
        "sharpe_ratio": 0.10944343901586033,
        "max_drawdown_pct": 7.770248055174626,
        "profit_factor": 0.5887864196021158
      }
    },
    "B": {
      "name": "Volume Breakout",
      "metrics": {
        "total_profit": -1871.4299999999998,
        "total_return_pct": -18.714299999999998,
        "num_trades": 30,
        "win_rate": 30.0,
        "avg_win": 174.0188888888889,
        "avg_loss": -163.69523809523812,
        "sharpe_ratio": -5.006089154205187,
        "max_drawdown_pct": 18.47257117352952,
        "profit_factor": 1.0630662865565121
      }
    },
    "V": {
      "name": "Trend Breakout",
      "metrics": {
        "total_profit": 1398.8000000000002,
        "total_return_pct": 13.988,
        "num_trades": 30,
        "win_rate": 60.0,
        "avg_win": 148.68444444444447,
        "avg_loss": -106.46,
        "sharpe_ratio": 3.8900501583040126,
        "max_drawdown_pct": 7.8445358921674275,
        "profit_factor": 1.396622622998727
      }
    },
    "M": {
      "name": "Momentum",
      "metrics": {
        "total_profit": 8502.140000000001,
        "total_return_pct": 85.02140000000001,
        "num_trades": 25,
        "win_rate": 60.0,
        "avg_win": 710.1240000000001,
        "avg_loss": -214.97200000000004,
        "sharpe_ratio": 9.120823774270988,
        "max_drawdown_pct": 5.8077942399593825,
        "profit_factor": 3.3033325270267757
      }
    }
  },
  "signals": {
    "A": [
      {
        "ticker": "NGG",
        "action": "Long",
        "allocation_usd": 10000,
        "sl_factor": 3.2,
        "z_score": 0.22,
        "prev_return_pct": null,
        "vol_ratio": 2.76,
        "ticker_group": "BIG + ETF"
      },
      {
        "ticker": "TAK",
        "action": "Long",
        "allocation_usd": 10000,
        "sl_factor": 1.6,
        "z_score": 0.17,
        "prev_return_pct": null,
        "vol_ratio": 0.85,
        "ticker_group": "BIG + ETF"
      },
      {
        "ticker": "AMT",
        "action": "Long",
        "allocation_usd": 10000,
        "sl_factor": 3.2,
        "z_score": 0.1,
        "prev_return_pct": null,
        "vol_ratio": 0.97,
        "ticker_group": "BIG + ETF"
      }
    ],
    "B": [
      {
        "ticker": "RELX",
        "action": "Long",
        "allocation_usd": 10000,
        "sl_factor": 0.4,
        "z_score": 0.19,
        "prev_return_pct": null,
        "vol_ratio": 1.69,
        "ticker_group": "BIG + ETF"
      },
      {
        "ticker": "LIN",
        "action": "Long",
        "allocation_usd": 10000,
        "sl_factor": 1.6,
        "z_score": 0.11,
        "prev_return_pct": null,
        "vol_ratio": 1.57,
        "ticker_group": "BIG + ETF"
      },
      {
        "ticker": "UL",
        "action": "Long",
        "allocation_usd": 10000,
        "sl_factor": 0.4,
        "z_score": 0.11,
        "prev_return_pct": null,
        "vol_ratio": 1.79,
        "ticker_group": "BIG + ETF"
      }
    ],
    "V": [
      {
        "ticker": "NCLTY",
        "action": "Long",
        "allocation_usd": 10000,
        "sl_factor": 3.2,
        "z_score": 0.22,
        "prev_return_pct": null,
        "vol_ratio": 0.73,
        "ticker_group": "SMALL"
      },
      {
        "ticker": "UUGRY",
        "action": "Long",
        "allocation_usd": 10000,
        "sl_factor": 0.4,
        "z_score": 0.2,
        "prev_return_pct": null,
        "vol_ratio": 1.74,
        "ticker_group": "SMALL"
      },
      {
        "ticker": "CRRFY",
        "action": "Long",
        "allocation_usd": 10000,
        "sl_factor": 1.6,
        "z_score": 0.15,
        "prev_return_pct": null,
        "vol_ratio": 1.0,
        "ticker_group": "SMALL"
      }
    ],
    "M": [
      {
        "ticker": "NJDCY",
        "action": "Long",
        "allocation_usd": 10000,
        "sl_factor": 0.4,
        "z_score": null,
        "prev_return_pct": 22.7,
        "vol_ratio": 0.38,
        "ticker_group": "SMALL"
      },
      {
        "ticker": "WING",
        "action": "Long",
        "allocation_usd": 10000,
        "sl_factor": 3.2,
        "z_score": null,
        "prev_return_pct": 12.79,
        "vol_ratio": 1.51,
        "ticker_group": "SMALL"
      },
      {
        "ticker": "CNH",
        "action": "Long",
        "allocation_usd": 10000,
        "sl_factor": 0.4,
        "z_score": null,
        "prev_return_pct": 9.17,
        "vol_ratio": 1.54,
        "ticker_group": "SMALL"
      }
    ]
  },
  "equity": {
    "A": [
      {
        "date": "2026-02-04",
        "equity": 10223.69
      },
      {
        "date": "2026-02-05",
        "equity": 10148.22
      },
      {
        "date": "2026-02-06",
        "equity": 10481.13
      },
      {
        "date": "2026-02-09",
        "equity": 10206.79
      },
      {
        "date": "2026-02-10",
        "equity": 9947.81
      },
      {
        "date": "2026-02-11",
        "equity": 10129.36
      },
      {
        "date": "2026-02-12",
        "equity": 9833.96
      },
      {
        "date": "2026-02-13",
        "equity": 9862.44
      },
      {
        "date": "2026-02-17",
        "equity": 10023.26
      }
    ],
    "B": [
      {
        "date": "2026-02-04",
        "equity": 9854.95
      },
      {
        "date": "2026-02-05",
        "equity": 9611.16
      },
      {
        "date": "2026-02-06",
        "equity": 9423.96
      },
      {
        "date": "2026-02-09",
        "equity": 9525.54
      },
      {
        "date": "2026-02-10",
        "equity": 9354.22
      },
      {
        "date": "2026-02-11",
        "equity": 9347.5
      },
      {
        "date": "2026-02-12",
        "equity": 9096.96
      },
      {
        "date": "2026-02-13",
        "equity": 8855.1
      },
      {
        "date": "2026-02-17",
        "equity": 8128.57
      }
    ],
    "V": [
      {
        "date": "2026-02-04",
        "equity": 9799.16
      },
      {
        "date": "2026-02-05",
        "equity": 9920.44
      },
      {
        "date": "2026-02-06",
        "equity": 10105.91
      },
      {
        "date": "2026-02-09",
        "equity": 10444.34
      },
      {
        "date": "2026-02-10",
        "equity": 10297.56
      },
      {
        "date": "2026-02-11",
        "equity": 10242.95
      },
      {
        "date": "2026-02-12",
        "equity": 9625.03
      },
      {
        "date": "2026-02-13",
        "equity": 11276.72
      },
      {
        "date": "2026-02-17",
        "equity": 11398.8
      }
    ],
    "M": [
      {
        "date": "2026-02-04",
        "equity": 11024.63
      },
      {
        "date": "2026-02-05",
        "equity": 14892.66
      },
      {
        "date": "2026-02-06",
        "equity": 15431.03
      },
      {
        "date": "2026-02-09",
        "equity": 16065.03
      },
      {
        "date": "2026-02-10",
        "equity": 17024.88
      },
      {
        "date": "2026-02-11",
        "equity": 16164.6
      },
      {
        "date": "2026-02-12",
        "equity": 16204.03
      },
      {
        "date": "2026-02-13",
        "equity": 18525.86
      },
      {
        "date": "2026-02-17",
        "equity": 18502.14
      }
    ]
  }
}