{
  "timestamp": "2026-04-08T23:35:24.358167",
  "strategies": {
    "A": {
      "name": "Mean Reversion",
      "metrics": {
        "total_profit": 27.559999999999206,
        "total_return_pct": 0.2755999999999921,
        "num_trades": 135,
        "win_rate": 55.55555555555556,
        "avg_win": 112.42040000000003,
        "avg_loss": -140.06616666666665,
        "sharpe_ratio": 0.01926425273737778,
        "max_drawdown_pct": 17.523062752414923,
        "profit_factor": 0.8026235219783034
      }
    },
    "B": {
      "name": "Volume Breakout",
      "metrics": {
        "total_profit": -5096.610000000001,
        "total_return_pct": -50.966100000000004,
        "num_trades": 137,
        "win_rate": 35.76642335766424,
        "avg_win": 125.8508163265306,
        "avg_loss": -127.99204545454545,
        "sharpe_ratio": -3.6713223415133953,
        "max_drawdown_pct": 52.93745956761799,
        "profit_factor": 0.9832706077912063
      }
    },
    "V": {
      "name": "Trend Breakout",
      "metrics": {
        "total_profit": 1357.1999999999994,
        "total_return_pct": 13.571999999999992,
        "num_trades": 137,
        "win_rate": 53.284671532846716,
        "avg_win": 138.55342465753424,
        "avg_loss": -136.83124999999998,
        "sharpe_ratio": 0.7544388023166071,
        "max_drawdown_pct": 27.739550141287967,
        "profit_factor": 1.0125861209156115
      }
    },
    "M": {
      "name": "Momentum",
      "metrics": {
        "total_profit": 9077.859999999999,
        "total_return_pct": 90.77859999999998,
        "num_trades": 120,
        "win_rate": 45.0,
        "avg_win": 485.88555555555564,
        "avg_loss": -259.99939393939394,
        "sharpe_ratio": 2.377209328156071,
        "max_drawdown_pct": 32.57601133964792,
        "profit_factor": 1.8687949544559936
      }
    }
  },
  "signals": {
    "A": [
      {
        "ticker": "TD",
        "action": "Long",
        "allocation_usd": 10000,
        "sl_factor": 0.6,
        "z_score": 0.17,
        "prev_return_pct": null,
        "vol_ratio": 2.76,
        "ticker_group": "BIG + ETF"
      },
      {
        "ticker": "AXP",
        "action": "Long",
        "allocation_usd": 10000,
        "sl_factor": 0.4,
        "z_score": 0.09,
        "prev_return_pct": null,
        "vol_ratio": 0.67,
        "ticker_group": "BIG + ETF"
      },
      {
        "ticker": "MS",
        "action": "Long",
        "allocation_usd": 10000,
        "sl_factor": 1.6,
        "z_score": 0.09,
        "prev_return_pct": null,
        "vol_ratio": 0.86,
        "ticker_group": "BIG + ETF"
      }
    ],
    "B": [
      {
        "ticker": "AAPL",
        "action": "Short",
        "allocation_usd": 10000,
        "sl_factor": 0.8,
        "z_score": 0.18,
        "prev_return_pct": null,
        "vol_ratio": 1.53,
        "ticker_group": "BIG + ETF"
      },
      {
        "ticker": "PNC",
        "action": "Long",
        "allocation_usd": 10000,
        "sl_factor": 0.8,
        "z_score": 0.07,
        "prev_return_pct": null,
        "vol_ratio": 1.52,
        "ticker_group": "BIG + ETF"
      },
      {
        "ticker": "DTEGY",
        "action": "Short",
        "allocation_usd": 10000,
        "sl_factor": 0.4,
        "z_score": 0.01,
        "prev_return_pct": null,
        "vol_ratio": 2.18,
        "ticker_group": "BIG + ETF"
      }
    ],
    "V": [
      {
        "ticker": "ARNNY",
        "action": "Long",
        "allocation_usd": 10000,
        "sl_factor": 1.6,
        "z_score": 0.29,
        "prev_return_pct": null,
        "vol_ratio": 0.46,
        "ticker_group": "SMALL"
      },
      {
        "ticker": "SOTGY",
        "action": "Long",
        "allocation_usd": 10000,
        "sl_factor": 1.6,
        "z_score": 0.24,
        "prev_return_pct": null,
        "vol_ratio": 0.38,
        "ticker_group": "SMALL"
      },
      {
        "ticker": "EDPFY",
        "action": "Long",
        "allocation_usd": 10000,
        "sl_factor": 1.6,
        "z_score": 0.18,
        "prev_return_pct": null,
        "vol_ratio": 0.81,
        "ticker_group": "SMALL"
      }
    ],
    "M": [
      {
        "ticker": "CF",
        "action": "Long",
        "allocation_usd": 10000,
        "sl_factor": 3.2,
        "z_score": null,
        "prev_return_pct": 10.56,
        "vol_ratio": 0.66,
        "ticker_group": "SMALL"
      },
      {
        "ticker": "DSEEY",
        "action": "Long",
        "allocation_usd": 10000,
        "sl_factor": 0.4,
        "z_score": null,
        "prev_return_pct": 7.58,
        "vol_ratio": 1.41,
        "ticker_group": "SMALL"
      },
      {
        "ticker": "DOW",
        "action": "Long",
        "allocation_usd": 10000,
        "sl_factor": 0.4,
        "z_score": null,
        "prev_return_pct": 7.26,
        "vol_ratio": 0.93,
        "ticker_group": "SMALL"
      }
    ]
  },
  "equity": {
    "A": [
      {
        "date": "2026-02-04",
        "equity": 10223.69
      },
      {
        "date": "2026-02-05",
        "equity": 10148.22
      },
      {
        "date": "2026-02-06",
        "equity": 10481.13
      },
      {
        "date": "2026-02-09",
        "equity": 10206.79
      },
      {
        "date": "2026-02-10",
        "equity": 9947.81
      },
      {
        "date": "2026-02-11",
        "equity": 10129.36
      },
      {
        "date": "2026-02-12",
        "equity": 9833.96
      },
      {
        "date": "2026-02-13",
        "equity": 9862.44
      },
      {
        "date": "2026-02-17",
        "equity": 10023.26
      },
      {
        "date": "2026-02-18",
        "equity": 8885.83
      },
      {
        "date": "2026-02-19",
        "equity": 8905.34
      },
      {
        "date": "2026-02-20",
        "equity": 9101.39
      },
      {
        "date": "2026-02-23",
        "equity": 8935.57
      },
      {
        "date": "2026-02-24",
        "equity": 8940.88
      },
      {
        "date": "2026-02-25",
        "equity": 9103.51
      },
      {
        "date": "2026-02-26",
        "equity": 8896.61
      },
      {
        "date": "2026-02-27",
        "equity": 8690.43
      },
      {
        "date": "2026-03-02",
        "equity": 9064.54
      },
      {
        "date": "2026-03-03",
        "equity": 9468.01
      },
      {
        "date": "2026-03-04",
        "equity": 9731.01
      },
      {
        "date": "2026-03-05",
        "equity": 9631.89
      },
      {
        "date": "2026-03-06",
        "equity": 10116.57
      },
      {
        "date": "2026-03-09",
        "equity": 10532.5
      },
      {
        "date": "2026-03-10",
        "equity": 10138.75
      },
      {
        "date": "2026-03-11",
        "equity": 10149.56
      },
      {
        "date": "2026-03-12",
        "equity": 10044.67
      },
      {
        "date": "2026-03-13",
        "equity": 9790.81
      },
      {
        "date": "2026-03-16",
        "equity": 9887.58
      },
      {
        "date": "2026-03-17",
        "equity": 9687.28
      },
      {
        "date": "2026-03-18",
        "equity": 9263.39
      },
      {
        "date": "2026-03-19",
        "equity": 9399.11
      },
      {
        "date": "2026-03-20",
        "equity": 8730.39
      },
      {
        "date": "2026-03-23",
        "equity": 9405.85
      },
      {
        "date": "2026-03-24",
        "equity": 10139.64
      },
      {
        "date": "2026-03-25",
        "equity": 9955.01
      },
      {
        "date": "2026-03-26",
        "equity": 9569.44
      },
      {
        "date": "2026-03-27",
        "equity": 9362.93
      },
      {
        "date": "2026-03-30",
        "equity": 9213.66
      },
      {
        "date": "2026-03-31",
        "equity": 8965.37
      },
      {
        "date": "2026-04-01",
        "equity": 8954.78
      },
      {
        "date": "2026-04-02",
        "equity": 9633.71
      },
      {
        "date": "2026-04-06",